VIN,VSS,VDD,IDD,ISS,VREF,VOUT,@TIME
2.0,0.0,3.3,7.565e-11,-6.76384e-07,0.5,1.995166,0.0
2.0,0.0,3.3,7.427e-11,-6.75187e-07,0.5,1.995802,1.0
2.0,0.0,3.3,7.475e-11,-6.74293e-07,0.5,1.995802,2.0
2.0,0.0,3.3,7.48e-11,-6.73612e-07,0.5,1.995806,3.0
2.0,0.0,3.3,7.382e-11,-6.72994e-07,0.5,1.995812,4.0
2.0,0.0,3.3,7.487e-11,-6.72511e-07,0.5,1.995814,5.0
2.0,0.0,3.3,7.405e-11,-6.71875e-07,0.5,1.995818,6.0
2.0,0.0,3.3,7.479e-11,-6.71491e-07,0.5,1.99582,7.0
2.0,0.0,3.3,7.455e-11,-6.71082e-07,0.5,1.995826,8.0
2.0,0.0,3.3,7.498e-11,-6.70652e-07,0.5,1.995828,9.0
2.0,0.0,3.3,7.579e-11,-6.70275e-07,0.5,1.99583,10.0
2.0,0.0,3.3,7.425e-11,-6.69833e-07,0.5,1.995832,11.0
2.0,0.0,3.3,7.471e-11,-6.69511e-07,0.5,1.995836,12.0
2.0,0.0,3.3,7.439e-11,-6.69169e-07,0.5,1.995834,13.0
2.0,0.0,3.3,7.447e-11,-6.68761e-07,0.5,1.995836,14.0
2.0,0.0,3.3,7.446e-11,-6.68456e-07,0.5,1.995842,15.0
2.0,0.0,3.3,7.346e-11,-6.68047e-07,0.5,1.995844,16.0
2.0,0.0,3.3,7.442e-11,-6.67768e-07,0.5,1.995848,17.0
2.0,0.0,3.3,7.463e-11,-6.67354e-07,0.5,1.995848,18.0
2.0,0.0,3.3,7.473e-11,-6.67107e-07,0.5,1.995852,19.0
2.0,0.0,3.3,7.469e-11,-6.66841e-07,0.5,1.99585,20.0
2.0,0.0,3.3,7.391e-11,-6.66528e-07,0.5,1.995856,21.0
2.0,0.0,3.3,7.432e-11,-6.66147e-07,0.5,1.995856,22.0
2.0,0.0,3.3,7.514e-11,-6.65876e-07,0.5,1.99586,23.0
2.0,0.0,3.3,7.549e-11,-6.65641e-07,0.5,1.995864,24.0
2.0,0.0,3.3,7.403e-11,-6.65405e-07,0.5,1.995862,25.0
2.0,0.0,3.3,7.5e-11,-6.65124e-07,0.5,1.995868,26.0
2.0,0.0,3.3,7.448e-11,-6.64847e-07,0.5,1.995866,27.0
2.0,0.0,3.3,7.391e-11,-6.64629e-07,0.5,1.995864,28.0
2.0,0.0,3.3,7.456e-11,-6.64428e-07,0.5,1.995866,29.0
2.0,0.0,3.3,7.551e-11,-6.6419e-07,0.5,1.995876,30.0
2.0,0.0,3.3,7.607e-11,-6.63858e-07,0.5,1.995876,31.0
2.0,0.0,3.3,7.556e-11,-6.63583e-07,0.5,1.99588,32.0
2.0,0.0,3.3,7.594e-11,-6.63369e-07,0.5,1.995878,33.0
2.0,0.0,3.3,7.602e-11,-6.63109e-07,0.5,1.995882,34.0
2.0,0.0,3.3,7.509e-11,-6.62927e-07,0.5,1.99588,35.0
2.0,0.0,3.3,7.642e-11,-6.62667e-07,0.5,1.995884,36.0
2.0,0.0,3.3,7.581e-11,-6.62473e-07,0.5,1.995886,37.0
2.0,0.0,3.3,7.604e-11,-6.62206e-07,0.5,1.99589,38.0
2.0,0.0,3.3,7.661e-11,-6.61974e-07,0.5,1.995892,39.0
2.0,0.0,3.3,7.683e-11,-6.61781e-07,0.5,1.995892,40.0
2.0,0.0,3.3,7.524e-11,-6.61543e-07,0.5,1.995888,41.0
2.0,0.0,3.3,7.684e-11,-6.61269e-07,0.5,1.995896,42.0
2.0,0.0,3.3,7.73e-11,-6.61159e-07,0.5,1.995894,43.0
2.0,0.0,3.3,7.748e-11,-6.60972e-07,0.5,1.995898,44.0
2.0,0.0,3.3,7.625e-11,-6.60693e-07,0.5,1.9959,45.0
2.0,0.0,3.3,7.703e-11,-6.60516e-07,0.5,1.995902,46.0
2.0,0.0,3.3,7.67e-11,-6.60329e-07,0.5,1.995904,47.0
2.0,0.0,3.3,7.744e-11,-6.60089e-07,0.5,1.995906,48.0
2.0,0.0,3.3,7.629e-11,-6.59807e-07,0.5,1.995906,49.0
2.0,0.0,3.3,7.562e-11,-6.59636e-07,0.5,1.995904,50.0
2.0,0.0,3.3,7.62e-11,-6.59429e-07,0.5,1.995912,51.0
2.0,0.0,3.3,7.637e-11,-6.59195e-07,0.5,1.995914,52.0
2.0,0.0,3.3,7.486e-11,-6.59006e-07,0.5,1.995912,53.0
2.0,0.0,3.3,7.395e-11,-6.58817e-07,0.5,1.995918,54.0
2.0,0.0,3.3,7.642e-11,-6.58558e-07,0.5,1.99592,55.0
2.0,0.0,3.3,7.551e-11,-6.58361e-07,0.5,1.995916,56.0
2.0,0.0,3.3,7.644e-11,-6.58197e-07,0.5,1.995918,57.0
2.0,0.0,3.3,7.714e-11,-6.57966e-07,0.5,1.995918,58.0
2.0,0.0,3.3,7.698e-11,-6.57807e-07,0.5,1.99592,59.0
2.0,0.0,3.3,7.736e-11,-6.57582e-07,0.5,1.995928,60.0
2.0,0.0,3.3,7.754e-11,-6.57384e-07,0.5,1.99593,61.0
2.0,0.0,3.3,7.762e-11,-6.57174e-07,0.5,1.995928,62.0
2.0,0.0,3.3,7.801e-11,-6.56979e-07,0.5,1.995928,63.0
2.0,0.0,3.3,7.832e-11,-6.56858e-07,0.5,1.995932,64.0
2.0,0.0,3.3,7.76e-11,-6.56594e-07,0.5,1.995932,65.0
2.0,0.0,3.3,7.749e-11,-6.56363e-07,0.5,1.995932,66.0
2.0,0.0,3.3,7.689e-11,-6.56262e-07,0.5,1.995938,67.0
2.0,0.0,3.3,7.757e-11,-6.5604e-07,0.5,1.995938,68.0
2.0,0.0,3.3,7.844e-11,-6.5582e-07,0.5,1.995934,69.0
2.0,0.0,3.3,7.893e-11,-6.55697e-07,0.5,1.995938,70.0
2.0,0.0,3.3,7.9e-11,-6.55476e-07,0.5,1.995938,71.0
2.0,0.0,3.3,7.902e-11,-6.55259e-07,0.5,1.99594,72.0
2.0,0.0,3.3,7.84e-11,-6.55092e-07,0.5,1.995944,73.0
2.0,0.0,3.3,7.987e-11,-6.54852e-07,0.5,1.995942,74.0
2.0,0.0,3.3,7.903e-11,-6.54708e-07,0.5,1.995946,75.0
2.0,0.0,3.3,7.927e-11,-6.54517e-07,0.5,1.995946,76.0
2.0,0.0,3.3,7.937e-11,-6.54363e-07,0.5,1.995944,77.0
2.0,0.0,3.3,7.836e-11,-6.54204e-07,0.5,1.995942,78.0
2.0,0.0,3.3,7.996e-11,-6.54006e-07,0.5,1.995946,79.0
2.0,0.0,3.3,8.009e-11,-6.53886e-07,0.5,1.99595,80.0
2.0,0.0,3.3,7.877e-11,-6.5368e-07,0.5,1.99595,81.0
2.0,0.0,3.3,7.958e-11,-6.53541e-07,0.5,1.995952,82.0
2.0,0.0,3.3,8.055e-11,-6.53384e-07,0.5,1.99596,83.0
2.0,0.0,3.3,7.998e-11,-6.53132e-07,0.5,1.995956,84.0
2.0,0.0,3.3,7.975e-11,-6.53036e-07,0.5,1.995956,85.0
2.0,0.0,3.3,7.884e-11,-6.52905e-07,0.5,1.995962,86.0
2.0,0.0,3.3,7.924e-11,-6.52675e-07,0.5,1.995962,87.0
2.0,0.0,3.3,7.825e-11,-6.52551e-07,0.5,1.995958,88.0
2.0,0.0,3.3,7.989e-11,-6.52315e-07,0.5,1.995962,89.0
2.0,0.0,3.3,8.089e-11,-6.52211e-07,0.5,1.995964,90.0
2.0,0.0,3.3,7.964e-11,-6.52089e-07,0.5,1.995964,91.0
2.0,0.0,3.3,8.125e-11,-6.5193e-07,0.5,1.995964,92.0
2.0,0.0,3.3,8.01e-11,-6.51699e-07,0.5,1.995964,93.0
2.0,0.0,3.3,8.08e-11,-6.51557e-07,0.5,1.99597,94.0
2.0,0.0,3.3,8.081e-11,-6.51398e-07,0.5,1.995972,95.0
2.0,0.0,3.3,7.969e-11,-6.51133e-07,0.5,1.995976,96.0
2.0,0.0,3.3,7.9e-11,-6.51093e-07,0.5,1.99598,97.0
2.0,0.0,3.3,7.934e-11,-6.50924e-07,0.5,1.995978,98.0
2.0,0.0,3.3,7.991e-11,-6.50691e-07,0.5,1.99598,99.0
2.0,0.0,3.3,8.034e-11,-6.50559e-07,0.5,1.995978,100.0
2.0,0.0,3.3,7.997e-11,-6.50394e-07,0.5,1.995984,101.0
2.0,0.0,3.3,7.934e-11,-6.50238e-07,0.5,1.99598,102.0
2.0,0.0,3.3,7.936e-11,-6.50126e-07,0.5,1.995982,103.0
2.0,0.0,3.3,8.098e-11,-6.49942e-07,0.5,1.995986,104.0
2.0,0.0,3.3,7.985e-11,-6.49801e-07,0.5,1.995988,105.0
2.0,0.0,3.3,8.093e-11,-6.49655e-07,0.5,1.995988,106.0
2.0,0.0,3.3,8.05e-11,-6.49453e-07,0.5,1.995984,107.0
2.0,0.0,3.3,8.249e-11,-6.4934e-07,0.5,1.995988,108.0
2.0,0.0,3.3,8.075e-11,-6.49167e-07,0.5,1.995984,109.0
2.0,0.0,3.3,8.048e-11,-6.49034e-07,0.5,1.995988,110.0
2.0,0.0,3.3,8.161e-11,-6.48923e-07,0.5,1.99599,111.0
2.0,0.0,3.3,8.009e-11,-6.48769e-07,0.5,1.995994,112.0
2.0,0.0,3.3,8.088e-11,-6.48584e-07,0.5,1.995996,113.0
2.0,0.0,3.3,8.126e-11,-6.48471e-07,0.5,1.995994,114.0
2.0,0.0,3.3,8.044e-11,-6.48395e-07,0.5,1.995992,115.0
2.0,0.0,3.3,8.172e-11,-6.48159e-07,0.5,1.99599,116.0
2.0,0.0,3.3,8.161e-11,-6.48025e-07,0.5,1.995992,117.0
2.0,0.0,3.3,8.185e-11,-6.47848e-07,0.5,1.995996,118.0
2.0,0.0,3.3,8.088e-11,-6.47769e-07,0.5,1.995996,119.0
2.0,0.0,3.3,8.184e-11,-6.47589e-07,0.5,1.996002,120.0
2.0,0.0,3.3,8.322e-11,-6.47392e-07,0.5,1.996002,121.0
2.0,0.0,3.3,8.236e-11,-6.47169e-07,0.5,1.996002,122.0
2.0,0.0,3.3,8.317e-11,-6.47075e-07,0.5,1.996,123.0
2.0,0.0,3.3,8.078e-11,-6.46906e-07,0.5,1.996002,124.0
2.0,0.0,3.3,8.25e-11,-6.46852e-07,0.5,1.996006,125.0
2.0,0.0,3.3,8.168e-11,-6.46779e-07,0.5,1.996004,126.0
2.0,0.0,3.3,8.177e-11,-6.46534e-07,0.5,1.996006,127.0
2.0,0.0,3.3,8.362e-11,-6.46349e-07,0.5,1.99601,128.0
2.0,0.0,3.3,8.258e-11,-6.46149e-07,0.5,1.996008,129.0
2.0,0.0,3.3,8.386e-11,-6.46104e-07,0.5,1.996006,130.0
2.0,0.0,3.3,8.352e-11,-6.46015e-07,0.5,1.996004,131.0
2.0,0.0,3.3,8.336e-11,-6.45778e-07,0.5,1.996006,132.0
2.0,0.0,3.3,8.296e-11,-6.45656e-07,0.5,1.996008,133.0
2.0,0.0,3.3,8.304e-11,-6.45553e-07,0.5,1.99601,134.0
2.0,0.0,3.3,8.314e-11,-6.45394e-07,0.5,1.996012,135.0
2.0,0.0,3.3,8.336e-11,-6.45251e-07,0.5,1.996012,136.0
2.0,0.0,3.3,8.344e-11,-6.44984e-07,0.5,1.996014,137.0
2.0,0.0,3.3,8.264e-11,-6.44891e-07,0.5,1.996008,138.0
2.0,0.0,3.3,8.323e-11,-6.44707e-07,0.5,1.996018,139.0
2.0,0.0,3.3,8.395e-11,-6.44659e-07,0.5,1.996018,140.0
2.0,0.0,3.3,8.286e-11,-6.44446e-07,0.5,1.996016,141.0
2.0,0.0,3.3,8.431e-11,-6.44301e-07,0.5,1.996016,142.0
2.0,0.0,3.3,8.436e-11,-6.44184e-07,0.5,1.996018,143.0
2.0,0.0,3.3,8.435e-11,-6.44067e-07,0.5,1.996024,144.0
2.0,0.0,3.3,8.538e-11,-6.43859e-07,0.5,1.996024,145.0
2.0,0.0,3.3,8.494e-11,-6.43727e-07,0.5,1.996024,146.0
2.0,0.0,3.3,8.426e-11,-6.43581e-07,0.5,1.996024,147.0
2.0,0.0,3.3,8.468e-11,-6.43438e-07,0.5,1.996026,148.0
2.0,0.0,3.3,8.585e-11,-6.43286e-07,0.5,1.996028,149.0
2.0,0.0,3.3,8.708e-11,-6.43134e-07,0.5,1.996022,150.0
2.0,0.0,3.3,8.557e-11,-6.43022e-07,0.5,1.996024,151.0
2.0,0.0,3.3,8.528e-11,-6.4285e-07,0.5,1.996024,152.0
2.0,0.0,3.3,8.554e-11,-6.42699e-07,0.5,1.996028,153.0
2.0,0.0,3.3,8.631e-11,-6.42603e-07,0.5,1.996028,154.0
2.0,0.0,3.3,8.684e-11,-6.42458e-07,0.5,1.996028,155.0
2.0,0.0,3.3,8.62e-11,-6.42349e-07,0.5,1.996028,156.0
2.0,0.0,3.3,8.612e-11,-6.42159e-07,0.5,1.996028,157.0
2.0,0.0,3.3,8.53e-11,-6.42057e-07,0.5,1.996028,158.0
2.0,0.0,3.3,8.614e-11,-6.41915e-07,0.5,1.996034,159.0
2.0,0.0,3.3,8.584e-11,-6.41722e-07,0.5,1.996036,160.0
2.0,0.0,3.3,8.585e-11,-6.41612e-07,0.5,1.996034,161.0
2.0,0.0,3.3,8.477e-11,-6.41416e-07,0.5,1.99603,162.0
2.0,0.0,3.3,8.632e-11,-6.41272e-07,0.5,1.99604,163.0
2.0,0.0,3.3,8.625e-11,-6.41117e-07,0.5,1.996038,164.0
2.0,0.0,3.3,8.642e-11,-6.40994e-07,0.5,1.996038,165.0
2.0,0.0,3.3,8.644e-11,-6.4091e-07,0.5,1.996036,166.0
2.0,0.0,3.3,8.558e-11,-6.40835e-07,0.5,1.996038,167.0
2.0,0.0,3.3,8.631e-11,-6.40665e-07,0.5,1.996038,168.0
2.0,0.0,3.3,8.664e-11,-6.40501e-07,0.5,1.996042,169.0
2.0,0.0,3.3,8.645e-11,-6.40427e-07,0.5,1.996036,170.0
2.0,0.0,3.3,8.6e-11,-6.40282e-07,0.5,1.99604,171.0
2.0,0.0,3.3,8.646e-11,-6.40138e-07,0.5,1.996038,172.0
2.0,0.0,3.3,8.666e-11,-6.4e-07,0.5,1.996044,173.0
2.0,0.0,3.3,8.714e-11,-6.39849e-07,0.5,1.996042,174.0
2.0,0.0,3.3,8.707e-11,-6.39732e-07,0.5,1.996044,175.0
2.0,0.0,3.3,8.748e-11,-6.39574e-07,0.5,1.996044,176.0
2.0,0.0,3.3,8.712e-11,-6.39412e-07,0.5,1.996044,177.0
2.0,0.0,3.3,8.612e-11,-6.39332e-07,0.5,1.996044,178.0
2.0,0.0,3.3,8.666e-11,-6.3917e-07,0.5,1.996046,179.0
2.0,0.0,3.3,8.695e-11,-6.39142e-07,0.5,1.99605,180.0
2.0,0.0,3.3,8.682e-11,-6.38972e-07,0.5,1.99605,181.0
2.0,0.0,3.3,8.722e-11,-6.38828e-07,0.5,1.996054,182.0
2.0,0.0,3.3,8.74e-11,-6.38672e-07,0.5,1.996054,183.0
2.0,0.0,3.3,8.762e-11,-6.38552e-07,0.5,1.996054,184.0
2.0,0.0,3.3,8.728e-11,-6.38471e-07,0.5,1.996052,185.0
2.0,0.0,3.3,8.699e-11,-6.38307e-07,0.5,1.996056,186.0
2.0,0.0,3.3,8.727e-11,-6.38152e-07,0.5,1.99606,187.0
2.0,0.0,3.3,8.787e-11,-6.38055e-07,0.5,1.996056,188.0
2.0,0.0,3.3,8.824e-11,-6.37832e-07,0.5,1.99606,189.0
2.0,0.0,3.3,8.836e-11,-6.37852e-07,0.5,1.996066,190.0
2.0,0.0,3.3,8.713e-11,-6.37667e-07,0.5,1.996062,191.0
2.0,0.0,3.3,8.778e-11,-6.37533e-07,0.5,1.996062,192.0
2.0,0.0,3.3,8.755e-11,-6.37364e-07,0.5,1.99606,193.0
2.0,0.0,3.3,8.767e-11,-6.37277e-07,0.5,1.99606,194.0
2.0,0.0,3.3,8.815e-11,-6.37062e-07,0.5,1.996068,195.0
2.0,0.0,3.3,8.865e-11,-6.36968e-07,0.5,1.996064,196.0
2.0,0.0,3.3,8.727e-11,-6.36763e-07,0.5,1.996068,197.0
2.0,0.0,3.3,8.808e-11,-6.36646e-07,0.5,1.996068,198.0
2.0,0.0,3.3,8.903e-11,-6.3656e-07,0.5,1.996068,199.0
2.0,0.0,3.3,8.983e-11,-6.36424e-07,0.5,1.996078,200.0
2.0,0.0,3.3,8.929e-11,-6.36299e-07,0.5,1.99607,201.0
2.0,0.0,3.3,9.06e-11,-6.36219e-07,0.5,1.996072,202.0
2.0,0.0,3.3,8.962e-11,-6.36011e-07,0.5,1.996074,203.0
2.0,0.0,3.3,8.897e-11,-6.35895e-07,0.5,1.996076,204.0
2.0,0.0,3.3,9.006e-11,-6.35798e-07,0.5,1.996072,205.0
2.0,0.0,3.3,8.951e-11,-6.35607e-07,0.5,1.996078,206.0
2.0,0.0,3.3,8.975e-11,-6.35457e-07,0.5,1.996078,207.0
2.0,0.0,3.3,8.887e-11,-6.35324e-07,0.5,1.996082,208.0
2.0,0.0,3.3,8.899e-11,-6.35244e-07,0.5,1.996078,209.0
2.0,0.0,3.3,8.91e-11,-6.35075e-07,0.5,1.996078,210.0
2.0,0.0,3.3,8.989e-11,-6.34945e-07,0.5,1.996078,211.0
2.0,0.0,3.3,8.949e-11,-6.34883e-07,0.5,1.996082,212.0
2.0,0.0,3.3,8.972e-11,-6.34735e-07,0.5,1.996082,213.0
2.0,0.0,3.3,8.794e-11,-6.34561e-07,0.5,1.996082,214.0
2.0,0.0,3.3,8.739e-11,-6.34395e-07,0.5,1.996088,215.0
2.0,0.0,3.3,8.871e-11,-6.34334e-07,0.5,1.996086,216.0
2.0,0.0,3.3,8.886e-11,-6.34221e-07,0.5,1.996088,217.0
2.0,0.0,3.3,8.903e-11,-6.3413e-07,0.5,1.996084,218.0
2.0,0.0,3.3,8.871e-11,-6.33941e-07,0.5,1.99609,219.0
2.0,0.0,3.3,8.883e-11,-6.33867e-07,0.5,1.996092,220.0
2.0,0.0,3.3,8.802e-11,-6.33736e-07,0.5,1.996094,221.0
2.0,0.0,3.3,8.872e-11,-6.33697e-07,0.5,1.996092,222.0
2.0,0.0,3.3,8.913e-11,-6.33538e-07,0.5,1.996092,223.0
2.0,0.0,3.3,8.937e-11,-6.33412e-07,0.5,1.996096,224.0
2.0,0.0,3.3,8.922e-11,-6.33325e-07,0.5,1.996096,225.0
2.0,0.0,3.3,8.726e-11,-6.33236e-07,0.5,1.996096,226.0
2.0,0.0,3.3,8.969e-11,-6.32999e-07,0.5,1.9961,227.0
2.0,0.0,3.3,8.807e-11,-6.3288e-07,0.5,1.9961,228.0
2.0,0.0,3.3,8.817e-11,-6.32714e-07,0.5,1.9961,229.0
2.0,0.0,3.3,8.947e-11,-6.32636e-07,0.5,1.9961,230.0
2.0,0.0,3.3,8.972e-11,-6.32519e-07,0.5,1.996104,231.0
2.0,0.0,3.3,9.02e-11,-6.32446e-07,0.5,1.996102,232.0
2.0,0.0,3.3,8.931e-11,-6.32287e-07,0.5,1.996104,233.0
2.0,0.0,3.3,8.935e-11,-6.32238e-07,0.5,1.996108,234.0
2.0,0.0,3.3,8.867e-11,-6.32035e-07,0.5,1.996114,235.0
2.0,0.0,3.3,8.866e-11,-6.31909e-07,0.5,1.996114,236.0
2.0,0.0,3.3,8.889e-11,-6.31824e-07,0.5,1.996112,237.0
2.0,0.0,3.3,8.931e-11,-6.31729e-07,0.5,1.99611,238.0
2.0,0.0,3.3,8.967e-11,-6.31533e-07,0.5,1.99611,239.0
2.0,0.0,3.3,8.81e-11,-6.31448e-07,0.5,1.99611,240.0
2.0,0.0,3.3,8.908e-11,-6.31317e-07,0.5,1.996114,241.0
2.0,0.0,3.3,8.949e-11,-6.31253e-07,0.5,1.996114,242.0
2.0,0.0,3.3,8.86e-11,-6.31013e-07,0.5,1.996118,243.0
2.0,0.0,3.3,9.013e-11,-6.30966e-07,0.5,1.996118,244.0
2.0,0.0,3.3,9.007e-11,-6.30809e-07,0.5,1.996118,245.0
2.0,0.0,3.3,8.934e-11,-6.30729e-07,0.5,1.99612,246.0
2.0,0.0,3.3,8.9e-11,-6.30684e-07,0.5,1.996118,247.0
2.0,0.0,3.3,8.886e-11,-6.30528e-07,0.5,1.99612,248.0
2.0,0.0,3.3,8.98e-11,-6.30369e-07,0.5,1.99612,249.0
2.0,0.0,3.3,8.932e-11,-6.30298e-07,0.5,1.99612,250.0
2.0,0.0,3.3,8.915e-11,-6.3018e-07,0.5,1.996124,251.0
2.0,0.0,3.3,8.968e-11,-6.3007e-07,0.5,1.996122,252.0
2.0,0.0,3.3,8.798e-11,-6.29986e-07,0.5,1.996126,253.0
2.0,0.0,3.3,8.983e-11,-6.29849e-07,0.5,1.996124,254.0
2.0,0.0,3.3,9.027e-11,-6.29777e-07,0.5,1.996128,255.0
2.0,0.0,3.3,8.924e-11,-6.29649e-07,0.5,1.996128,256.0
2.0,0.0,3.3,8.944e-11,-6.29536e-07,0.5,1.99613,257.0
2.0,0.0,3.3,9.04e-11,-6.29378e-07,0.5,1.996128,258.0
2.0,0.0,3.3,9.102e-11,-6.29193e-07,0.5,1.996132,259.0
2.0,0.0,3.3,9.083e-11,-6.29107e-07,0.5,1.996132,260.0
2.0,0.0,3.3,9.123e-11,-6.29043e-07,0.5,1.996134,261.0
2.0,0.0,3.3,9.049e-11,-6.2889e-07,0.5,1.996134,262.0
2.0,0.0,3.3,9.033e-11,-6.2876e-07,0.5,1.996138,263.0
2.0,0.0,3.3,9.054e-11,-6.28624e-07,0.5,1.996138,264.0
2.0,0.0,3.3,9.065e-11,-6.28511e-07,0.5,1.99614,265.0
2.0,0.0,3.3,9.101e-11,-6.28442e-07,0.5,1.996136,266.0
2.0,0.0,3.3,9.125e-11,-6.28255e-07,0.5,1.996142,267.0
2.0,0.0,3.3,8.975e-11,-6.28192e-07,0.5,1.996138,268.0
2.0,0.0,3.3,9.14e-11,-6.28037e-07,0.5,1.99614,269.0
2.0,0.0,3.3,9.126e-11,-6.27932e-07,0.5,1.99614,270.0
2.0,0.0,3.3,9.07e-11,-6.27736e-07,0.5,1.996142,271.0
2.0,0.0,3.3,9.063e-11,-6.27669e-07,0.5,1.996144,272.0
2.0,0.0,3.3,9.127e-11,-6.27495e-07,0.5,1.996148,273.0
2.0,0.0,3.3,9.274e-11,-6.27409e-07,0.5,1.996148,274.0
2.0,0.0,3.3,9.092e-11,-6.27331e-07,0.5,1.996148,275.0
2.0,0.0,3.3,9.199e-11,-6.27179e-07,0.5,1.99615,276.0
2.0,0.0,3.3,9.152e-11,-6.27128e-07,0.5,1.99615,277.0
2.0,0.0,3.3,9.239e-11,-6.26978e-07,0.5,1.996154,278.0
2.0,0.0,3.3,9.282e-11,-6.26889e-07,0.5,1.99615,279.0
2.0,0.0,3.3,9.221e-11,-6.26756e-07,0.5,1.996154,280.0
2.0,0.0,3.3,9.256e-11,-6.26625e-07,0.5,1.996156,281.0
2.0,0.0,3.3,9.185e-11,-6.26557e-07,0.5,1.996162,282.0
2.0,0.0,3.3,9.181e-11,-6.26438e-07,0.5,1.99616,283.0
2.0,0.0,3.3,9.208e-11,-6.26259e-07,0.5,1.996156,284.0
2.0,0.0,3.3,9.275e-11,-6.26223e-07,0.5,1.996158,285.0
2.0,0.0,3.3,9.21e-11,-6.26105e-07,0.5,1.99616,286.0
2.0,0.0,3.3,9.298e-11,-6.2599e-07,0.5,1.996162,287.0
2.0,0.0,3.3,9.267e-11,-6.25906e-07,0.5,1.996162,288.0
2.0,0.0,3.3,9.279e-11,-6.25805e-07,0.5,1.996164,289.0
2.0,0.0,3.3,9.281e-11,-6.25736e-07,0.5,1.996164,290.0
2.0,0.0,3.3,9.239e-11,-6.25581e-07,0.5,1.99617,291.0
2.0,0.0,3.3,9.306e-11,-6.25489e-07,0.5,1.996166,292.0
2.0,0.0,3.3,9.271e-11,-6.25411e-07,0.5,1.996168,293.0
2.0,0.0,3.3,9.343e-11,-6.2525e-07,0.5,1.996164,294.0
2.0,0.0,3.3,9.43e-11,-6.25087e-07,0.5,1.996168,295.0
2.0,0.0,3.3,9.439e-11,-6.25031e-07,0.5,1.99617,296.0
2.0,0.0,3.3,9.273e-11,-6.24866e-07,0.5,1.996174,297.0
2.0,0.0,3.3,9.286e-11,-6.24787e-07,0.5,1.996176,298.0
2.0,0.0,3.3,9.241e-11,-6.247e-07,0.5,1.996178,299.0
2.0,0.0,3.3,9.183e-11,-6.24521e-07,0.5,1.99618,300.0
2.0,0.0,3.3,9.154e-11,-6.24473e-07,0.5,1.996178,301.0
2.0,0.0,3.3,9.26e-11,-6.24219e-07,0.5,1.996178,302.0
2.0,0.0,3.3,9.267e-11,-6.24244e-07,0.5,1.996176,303.0
2.0,0.0,3.3,9.28e-11,-6.2409e-07,0.5,1.99618,304.0
2.0,0.0,3.3,9.392e-11,-6.24008e-07,0.5,1.996182,305.0
2.0,0.0,3.3,9.254e-11,-6.23855e-07,0.5,1.99618,306.0
2.0,0.0,3.3,9.264e-11,-6.23764e-07,0.5,1.99618,307.0
2.0,0.0,3.3,9.468e-11,-6.23554e-07,0.5,1.996184,308.0
2.0,0.0,3.3,9.419e-11,-6.23524e-07,0.5,1.996182,309.0
2.0,0.0,3.3,9.447e-11,-6.23347e-07,0.5,1.996186,310.0
2.0,0.0,3.3,9.599e-11,-6.2329e-07,0.5,1.996184,311.0
2.0,0.0,3.3,9.521e-11,-6.23175e-07,0.5,1.996188,312.0
2.0,0.0,3.3,9.45e-11,-6.23122e-07,0.5,1.996192,313.0
2.0,0.0,3.3,9.589e-11,-6.23015e-07,0.5,1.996188,314.0
2.0,0.0,3.3,9.474e-11,-6.22874e-07,0.5,1.99619,315.0
2.0,0.0,3.3,9.453e-11,-6.22747e-07,0.5,1.99619,316.0
2.0,0.0,3.3,9.619e-11,-6.22697e-07,0.5,1.99619,317.0
2.0,0.0,3.3,9.532e-11,-6.22509e-07,0.5,1.996192,318.0
2.0,0.0,3.3,9.685e-11,-6.22444e-07,0.5,1.99619,319.0
2.0,0.0,3.3,9.64e-11,-6.22351e-07,0.5,1.996194,320.0
2.0,0.0,3.3,9.689e-11,-6.22262e-07,0.5,1.99619,321.0
2.0,0.0,3.3,9.54e-11,-6.22148e-07,0.5,1.996196,322.0
2.0,0.0,3.3,9.669e-11,-6.22068e-07,0.5,1.996198,323.0
2.0,0.0,3.3,9.724e-11,-6.21882e-07,0.5,1.996196,324.0
2.0,0.0,3.3,9.718e-11,-6.21842e-07,0.5,1.996198,325.0
2.0,0.0,3.3,9.606e-11,-6.21754e-07,0.5,1.996196,326.0
2.0,0.0,3.3,9.738e-11,-6.21605e-07,0.5,1.996196,327.0
2.0,0.0,3.3,9.879e-11,-6.21465e-07,0.5,1.996202,328.0
2.0,0.0,3.3,9.632e-11,-6.21331e-07,0.5,1.996198,329.0
2.0,0.0,3.3,9.634e-11,-6.21261e-07,0.5,1.996202,330.0
2.0,0.0,3.3,9.779e-11,-6.21127e-07,0.5,1.996202,331.0
2.0,0.0,3.3,9.715e-11,-6.20949e-07,0.5,1.996196,332.0
2.0,0.0,3.3,9.811e-11,-6.20872e-07,0.5,1.996198,333.0
2.0,0.0,3.3,9.723e-11,-6.20783e-07,0.5,1.996198,334.0
2.0,0.0,3.3,9.707e-11,-6.20734e-07,0.5,1.996194,335.0
2.0,0.0,3.3,9.715e-11,-6.20646e-07,0.5,1.996196,336.0
2.0,0.0,3.3,9.683e-11,-6.20514e-07,0.5,1.996202,337.0
2.0,0.0,3.3,9.768e-11,-6.2039e-07,0.5,1.996204,338.0
2.0,0.0,3.3,9.657e-11,-6.20236e-07,0.5,1.996206,339.0
2.0,0.0,3.3,9.669e-11,-6.20187e-07,0.5,1.996208,340.0
2.0,0.0,3.3,9.78e-11,-6.20013e-07,0.5,1.99621,341.0
2.0,0.0,3.3,9.642e-11,-6.19978e-07,0.5,1.99621,342.0
2.0,0.0,3.3,9.692e-11,-6.19891e-07,0.5,1.99621,343.0
2.0,0.0,3.3,9.704e-11,-6.19722e-07,0.5,1.99621,344.0
2.0,0.0,3.3,9.822e-11,-6.19556e-07,0.5,1.996212,345.0
2.0,0.0,3.3,9.867e-11,-6.19521e-07,0.5,1.99621,346.0
2.0,0.0,3.3,9.878e-11,-6.19414e-07,0.5,1.996216,347.0
2.0,0.0,3.3,9.709e-11,-6.19324e-07,0.5,1.996216,348.0
2.0,0.0,3.3,9.819e-11,-6.19185e-07,0.5,1.996218,349.0
2.0,0.0,3.3,9.783e-11,-6.19124e-07,0.5,1.996216,350.0
2.0,0.0,3.3,9.701e-11,-6.19027e-07,0.5,1.996216,351.0
2.0,0.0,3.3,9.755e-11,-6.18973e-07,0.5,1.996216,352.0
2.0,0.0,3.3,9.842e-11,-6.18833e-07,0.5,1.996216,353.0
2.0,0.0,3.3,9.796e-11,-6.18713e-07,0.5,1.996212,354.0
2.0,0.0,3.3,9.928e-11,-6.18567e-07,0.5,1.996214,355.0
2.0,0.0,3.3,9.637e-11,-6.18438e-07,0.5,1.996222,356.0
2.0,0.0,3.3,9.923e-11,-6.18357e-07,0.5,1.996218,357.0
2.0,0.0,3.3,9.999e-11,-6.18248e-07,0.5,1.996228,358.0
2.0,0.0,3.3,9.952e-11,-6.18111e-07,0.5,1.996228,359.0
2.0,0.0,3.3,9.946e-11,-6.18009e-07,0.5,1.996226,360.0
2.0,0.0,3.3,9.765e-11,-6.17892e-07,0.5,1.996228,361.0
2.0,0.0,3.3,1.0033e-10,-6.17842e-07,0.5,1.996228,362.0
2.0,0.0,3.3,9.804e-11,-6.17718e-07,0.5,1.99623,363.0
2.0,0.0,3.3,9.834e-11,-6.17681e-07,0.5,1.996228,364.0
2.0,0.0,3.3,9.931e-11,-6.17494e-07,0.5,1.996232,365.0
2.0,0.0,3.3,9.97e-11,-6.17381e-07,0.5,1.996236,366.0
2.0,0.0,3.3,9.969e-11,-6.17306e-07,0.5,1.996236,367.0
2.0,0.0,3.3,1.0007e-10,-6.17212e-07,0.5,1.996234,368.0
2.0,0.0,3.3,9.856e-11,-6.17149e-07,0.5,1.996234,369.0
2.0,0.0,3.3,9.918e-11,-6.17061e-07,0.5,1.996234,370.0
2.0,0.0,3.3,9.902e-11,-6.16944e-07,0.5,1.996236,371.0
2.0,0.0,3.3,9.947e-11,-6.168e-07,0.5,1.996236,372.0
2.0,0.0,3.3,1.0096e-10,-6.16743e-07,0.5,1.996238,373.0
2.0,0.0,3.3,1.0015e-10,-6.16628e-07,0.5,1.996238,374.0
2.0,0.0,3.3,9.892e-11,-6.16499e-07,0.5,1.99624,375.0
2.0,0.0,3.3,9.817e-11,-6.16345e-07,0.5,1.996236,376.0
2.0,0.0,3.3,9.725e-11,-6.16158e-07,0.5,1.996236,377.0
2.0,0.0,3.3,9.882e-11,-6.16151e-07,0.5,1.996234,378.0
2.0,0.0,3.3,9.758e-11,-6.15947e-07,0.5,1.99624,379.0
2.0,0.0,3.3,9.807e-11,-6.15909e-07,0.5,1.996236,380.0
2.0,0.0,3.3,9.718e-11,-6.15803e-07,0.5,1.996236,381.0
2.0,0.0,3.3,9.873e-11,-6.1567e-07,0.5,1.996242,382.0
2.0,0.0,3.3,9.738e-11,-6.15553e-07,0.5,1.996242,383.0
2.0,0.0,3.3,9.931e-11,-6.15502e-07,0.5,1.996244,384.0
2.0,0.0,3.3,9.796e-11,-6.15331e-07,0.5,1.996244,385.0
2.0,0.0,3.3,9.774e-11,-6.15263e-07,0.5,1.99625,386.0
2.0,0.0,3.3,9.804e-11,-6.15231e-07,0.5,1.996242,387.0
2.0,0.0,3.3,9.894e-11,-6.15102e-07,0.5,1.996242,388.0
2.0,0.0,3.3,9.838e-11,-6.14981e-07,0.5,1.996242,389.0
2.0,0.0,3.3,9.872e-11,-6.14967e-07,0.5,1.996244,390.0
2.0,0.0,3.3,9.716e-11,-6.14851e-07,0.5,1.996244,391.0
2.0,0.0,3.3,9.748e-11,-6.14741e-07,0.5,1.99624,392.0
2.0,0.0,3.3,9.749e-11,-6.14716e-07,0.5,1.996246,393.0
2.0,0.0,3.3,9.811e-11,-6.14557e-07,0.5,1.99625,394.0
2.0,0.0,3.3,9.894e-11,-6.14463e-07,0.5,1.996246,395.0
2.0,0.0,3.3,9.869e-11,-6.14415e-07,0.5,1.996248,396.0
2.0,0.0,3.3,9.898e-11,-6.14232e-07,0.5,1.996246,397.0
2.0,0.0,3.3,9.886e-11,-6.14138e-07,0.5,1.996244,398.0
2.0,0.0,3.3,9.948e-11,-6.14043e-07,0.5,1.996244,399.0
2.0,0.0,3.3,9.942e-11,-6.1395e-07,0.5,1.99625,400.0
2.0,0.0,3.3,1.0046e-10,-6.13814e-07,0.5,1.996248,401.0
2.0,0.0,3.3,9.864e-11,-6.13662e-07,0.5,1.99625,402.0
2.0,0.0,3.3,9.943e-11,-6.13605e-07,0.5,1.996246,403.0
2.0,0.0,3.3,1.0026e-10,-6.13521e-07,0.5,1.996246,404.0
2.0,0.0,3.3,1.0092e-10,-6.13418e-07,0.5,1.996252,405.0
2.0,0.0,3.3,1.0055e-10,-6.13389e-07,0.5,1.996252,406.0
2.0,0.0,3.3,1.0159e-10,-6.13226e-07,0.5,1.996248,407.0
2.0,0.0,3.3,1.0098e-10,-6.13229e-07,0.5,1.99625,408.0
2.0,0.0,3.3,9.968e-11,-6.13085e-07,0.5,1.99625,409.0
2.0,0.0,3.3,1.0006e-10,-6.12972e-07,0.5,1.996252,410.0
2.0,0.0,3.3,1.0063e-10,-6.12875e-07,0.5,1.99625,411.0
2.0,0.0,3.3,1.011e-10,-6.12736e-07,0.5,1.996254,412.0
2.0,0.0,3.3,1.0022e-10,-6.12598e-07,0.5,1.996258,413.0
2.0,0.0,3.3,9.915e-11,-6.12539e-07,0.5,1.996262,414.0
2.0,0.0,3.3,1.019e-10,-6.12393e-07,0.5,1.996252,415.0
2.0,0.0,3.3,1.0065e-10,-6.12331e-07,0.5,1.996254,416.0
2.0,0.0,3.3,1.0151e-10,-6.12229e-07,0.5,1.996256,417.0
2.0,0.0,3.3,1.0144e-10,-6.12136e-07,0.5,1.996256,418.0
2.0,0.0,3.3,1.0259e-10,-6.12025e-07,0.5,1.996252,419.0
2.0,0.0,3.3,1.0018e-10,-6.11916e-07,0.5,1.996258,420.0
2.0,0.0,3.3,1.0139e-10,-6.11838e-07,0.5,1.996258,421.0
2.0,0.0,3.3,1.0155e-10,-6.11757e-07,0.5,1.99626,422.0
2.0,0.0,3.3,1.019e-10,-6.11659e-07,0.5,1.99626,423.0
2.0,0.0,3.3,1.0184e-10,-6.1153e-07,0.5,1.996258,424.0
2.0,0.0,3.3,1.03e-10,-6.11449e-07,0.5,1.996258,425.0
2.0,0.0,3.3,1.033e-10,-6.11344e-07,0.5,1.996258,426.0
2.0,0.0,3.3,1.0196e-10,-6.11255e-07,0.5,1.996254,427.0
2.0,0.0,3.3,1.0173e-10,-6.11157e-07,0.5,1.996254,428.0
2.0,0.0,3.3,1.0287e-10,-6.11056e-07,0.5,1.996256,429.0
2.0,0.0,3.3,1.0272e-10,-6.11003e-07,0.5,1.996258,430.0
2.0,0.0,3.3,1.0366e-10,-6.10908e-07,0.5,1.996254,431.0
2.0,0.0,3.3,1.0304e-10,-6.10795e-07,0.5,1.99626,432.0
2.0,0.0,3.3,1.0368e-10,-6.10635e-07,0.5,1.996256,433.0
2.0,0.0,3.3,1.0351e-10,-6.10615e-07,0.5,1.99626,434.0
2.0,0.0,3.3,1.0319e-10,-6.10467e-07,0.5,1.996262,435.0
2.0,0.0,3.3,1.0355e-10,-6.10352e-07,0.5,1.996258,436.0
2.0,0.0,3.3,1.0393e-10,-6.10281e-07,0.5,1.996258,437.0
2.0,0.0,3.3,1.037e-10,-6.10208e-07,0.5,1.99626,438.0
2.0,0.0,3.3,1.0411e-10,-6.10119e-07,0.5,1.99626,439.0
2.0,0.0,3.3,1.0506e-10,-6.09966e-07,0.5,1.996262,440.0
2.0,0.0,3.3,1.0379e-10,-6.09841e-07,0.5,1.996264,441.0
2.0,0.0,3.3,1.0326e-10,-6.09749e-07,0.5,1.996264,442.0
2.0,0.0,3.3,1.0309e-10,-6.09713e-07,0.5,1.996264,443.0
2.0,0.0,3.3,1.0431e-10,-6.0959e-07,0.5,1.996264,444.0
2.0,0.0,3.3,1.0374e-10,-6.09496e-07,0.5,1.996266,445.0
2.0,0.0,3.3,1.0316e-10,-6.09344e-07,0.5,1.996266,446.0
2.0,0.0,3.3,1.0287e-10,-6.09276e-07,0.5,1.996262,447.0
2.0,0.0,3.3,1.0312e-10,-6.091e-07,0.5,1.996266,448.0
2.0,0.0,3.3,1.0308e-10,-6.09086e-07,0.5,1.996266,449.0
2.0,0.0,3.3,1.0327e-10,-6.08913e-07,0.5,1.996268,450.0
2.0,0.0,3.3,1.0357e-10,-6.08854e-07,0.5,1.996268,451.0
2.0,0.0,3.3,1.03e-10,-6.08731e-07,0.5,1.99627,452.0
2.0,0.0,3.3,1.0306e-10,-6.08646e-07,0.5,1.996268,453.0
2.0,0.0,3.3,1.0373e-10,-6.08605e-07,0.5,1.996268,454.0
2.0,0.0,3.3,1.0413e-10,-6.08485e-07,0.5,1.996272,455.0
2.0,0.0,3.3,1.044e-10,-6.0843e-07,0.5,1.99627,456.0
2.0,0.0,3.3,1.0423e-10,-6.0834e-07,0.5,1.996268,457.0
2.0,0.0,3.3,1.0472e-10,-6.08219e-07,0.5,1.996272,458.0
2.0,0.0,3.3,9.467e-11,-6.08038e-07,0.5,1.996274,459.0
2.0,0.0,3.3,1.2495e-10,-6.08291e-07,0.5,1.99627,460.0
2.0,0.0,3.3,1.1258e-10,-6.0806e-07,0.5,1.996272,461.0
2.0,0.0,3.3,1.1846e-10,-6.08028e-07,0.5,1.996268,462.0
2.0,0.0,3.3,1.1588e-10,-6.07941e-07,0.5,1.996274,463.0
2.0,0.0,3.3,1.1695e-10,-6.07949e-07,0.5,1.996266,464.0
2.0,0.0,3.3,1.1737e-10,-6.07803e-07,0.5,1.996268,465.0
2.0,0.0,3.3,1.1633e-10,-6.07721e-07,0.5,1.99627,466.0
2.0,0.0,3.3,1.1651e-10,-6.07597e-07,0.5,1.99627,467.0
2.0,0.0,3.3,1.1718e-10,-6.07503e-07,0.5,1.996274,468.0
2.0,0.0,3.3,1.1549e-10,-6.07399e-07,0.5,1.996276,469.0
2.0,0.0,3.3,1.1723e-10,-6.0731e-07,0.5,1.996274,470.0
2.0,0.0,3.3,1.1653e-10,-6.07153e-07,0.5,1.996276,471.0
2.0,0.0,3.3,1.168e-10,-6.07104e-07,0.5,1.996278,472.0
2.0,0.0,3.3,1.1708e-10,-6.06954e-07,0.5,1.996278,473.0
2.0,0.0,3.3,1.189e-10,-6.06811e-07,0.5,1.996276,474.0
2.0,0.0,3.3,1.1804e-10,-6.06774e-07,0.5,1.996276,475.0
2.0,0.0,3.3,1.186e-10,-6.06663e-07,0.5,1.996274,476.0
2.0,0.0,3.3,1.2925e-10,-6.06685e-07,0.5,1.996278,477.0
2.0,0.0,3.3,1.2822e-10,-6.06641e-07,0.5,1.996278,478.0
2.0,0.0,3.3,1.2152e-10,-6.0645e-07,0.5,1.996276,479.0
2.0,0.0,3.3,1.218e-10,-6.06363e-07,0.5,1.996274,480.0
2.0,0.0,3.3,1.2175e-10,-6.06246e-07,0.5,1.996276,481.0
2.0,0.0,3.3,1.2309e-10,-6.06228e-07,0.5,1.996274,482.0
2.0,0.0,3.3,1.2139e-10,-6.06136e-07,0.5,1.996278,483.0
2.0,0.0,3.3,1.2156e-10,-6.06025e-07,0.5,1.996276,484.0
2.0,0.0,3.3,1.2223e-10,-6.06043e-07,0.5,1.996278,485.0
2.0,0.0,3.3,1.2346e-10,-6.05867e-07,0.5,1.99628,486.0
2.0,0.0,3.3,1.2445e-10,-6.0583e-07,0.5,1.99628,487.0
2.0,0.0,3.3,1.2329e-10,-6.05671e-07,0.5,1.99628,488.0
2.0,0.0,3.3,1.2412e-10,-6.05555e-07,0.5,1.99628,489.0
2.0,0.0,3.3,1.2176e-10,-6.05486e-07,0.5,1.99628,490.0
2.0,0.0,3.3,1.2233e-10,-6.05329e-07,0.5,1.996284,491.0
2.0,0.0,3.3,1.2342e-10,-6.05189e-07,0.5,1.996284,492.0
2.0,0.0,3.3,1.2496e-10,-6.05161e-07,0.5,1.996286,493.0
2.0,0.0,3.3,1.223e-10,-6.05081e-07,0.5,1.996284,494.0
2.0,0.0,3.3,1.2344e-10,-6.04958e-07,0.5,1.996284,495.0
2.0,0.0,3.3,1.2454e-10,-6.04912e-07,0.5,1.996284,496.0
2.0,0.0,3.3,1.2301e-10,-6.04841e-07,0.5,1.996284,497.0
2.0,0.0,3.3,1.2293e-10,-6.04763e-07,0.5,1.996282,498.0
2.0,0.0,3.3,1.2213e-10,-6.04638e-07,0.5,1.996286,499.0
2.0,0.0,3.3,1.2398e-10,-6.04511e-07,0.5,1.99628,500.0
2.0,0.0,3.3,1.2878e-10,-6.04528e-07,0.5,1.996284,501.0
2.0,0.0,3.3,1.53e-10,-6.0463e-07,0.5,1.996288,502.0
2.0,0.0,3.3,1.5625e-10,-6.04477e-07,0.5,1.996284,503.0
2.0,0.0,3.3,1.5658e-10,-6.04372e-07,0.5,1.996288,504.0
2.0,0.0,3.3,1.3195e-10,-6.04098e-07,0.5,1.996286,505.0
2.0,0.0,3.3,1.3021e-10,-6.03918e-07,0.5,1.996278,506.0
2.0,0.0,3.3,1.3259e-10,-6.0382e-07,0.5,1.996278,507.0
2.0,0.0,3.3,1.3062e-10,-6.0377e-07,0.5,1.996282,508.0
2.0,0.0,3.3,1.3095e-10,-6.03696e-07,0.5,1.996282,509.0
2.0,0.0,3.3,1.3202e-10,-6.03549e-07,0.5,1.99628,510.0
2.0,0.0,3.3,1.3154e-10,-6.03437e-07,0.5,1.996282,511.0
2.0,0.0,3.3,1.3127e-10,-6.03433e-07,0.5,1.996284,512.0
2.0,0.0,3.3,1.305e-10,-6.03256e-07,0.5,1.996282,513.0
2.0,0.0,3.3,1.3121e-10,-6.03171e-07,0.5,1.996284,514.0
2.0,0.0,3.3,1.3099e-10,-6.03111e-07,0.5,1.99628,515.0
2.0,0.0,3.3,1.3226e-10,-6.03041e-07,0.5,1.996284,516.0
2.0,0.0,3.3,1.3103e-10,-6.0299e-07,0.5,1.996284,517.0
2.0,0.0,3.3,1.2974e-10,-6.02937e-07,0.5,1.996286,518.0
2.0,0.0,3.3,1.3009e-10,-6.02791e-07,0.5,1.996288,519.0
2.0,0.0,3.3,1.3098e-10,-6.02746e-07,0.5,1.996286,520.0
2.0,0.0,3.3,1.3252e-10,-6.02618e-07,0.5,1.99629,521.0
2.0,0.0,3.3,1.3287e-10,-6.02586e-07,0.5,1.996288,522.0
2.0,0.0,3.3,1.3237e-10,-6.02502e-07,0.5,1.996284,523.0
2.0,0.0,3.3,1.32e-10,-6.02354e-07,0.5,1.996286,524.0
2.0,0.0,3.3,1.3271e-10,-6.02295e-07,0.5,1.99629,525.0
2.0,0.0,3.3,1.3271e-10,-6.0226e-07,0.5,1.99629,526.0
2.0,0.0,3.3,1.3207e-10,-6.02169e-07,0.5,1.996292,527.0
2.0,0.0,3.3,1.3265e-10,-6.02088e-07,0.5,1.996294,528.0
2.0,0.0,3.3,1.3236e-10,-6.01945e-07,0.5,1.996292,529.0
2.0,0.0,3.3,1.3272e-10,-6.0193e-07,0.5,1.996292,530.0
2.0,0.0,3.3,1.3486e-10,-6.01821e-07,0.5,1.99629,531.0
2.0,0.0,3.3,1.3467e-10,-6.01675e-07,0.5,1.996296,532.0
2.0,0.0,3.3,1.3315e-10,-6.01686e-07,0.5,1.996294,533.0
2.0,0.0,3.3,1.3365e-10,-6.01592e-07,0.5,1.996294,534.0
2.0,0.0,3.3,1.3279e-10,-6.01502e-07,0.5,1.996298,535.0
2.0,0.0,3.3,1.3048e-10,-6.01365e-07,0.5,1.996298,536.0
2.0,0.0,3.3,1.325e-10,-6.01289e-07,0.5,1.996296,537.0
2.0,0.0,3.3,1.3278e-10,-6.0119e-07,0.5,1.996294,538.0
2.0,0.0,3.3,1.3353e-10,-6.01076e-07,0.5,1.996298,539.0
2.0,0.0,3.3,1.3424e-10,-6.01047e-07,0.5,1.996298,540.0
2.0,0.0,3.3,1.3507e-10,-6.00935e-07,0.5,1.9963,541.0
2.0,0.0,3.3,1.3297e-10,-6.00833e-07,0.5,1.996294,542.0
2.0,0.0,3.3,1.3419e-10,-6.00722e-07,0.5,1.996298,543.0
2.0,0.0,3.3,1.3416e-10,-6.00715e-07,0.5,1.996302,544.0
2.0,0.0,3.3,1.3426e-10,-6.00587e-07,0.5,1.996304,545.0
2.0,0.0,3.3,1.3546e-10,-6.00518e-07,0.5,1.9963,546.0
2.0,0.0,3.3,1.3528e-10,-6.00469e-07,0.5,1.996302,547.0
2.0,0.0,3.3,1.3338e-10,-6.00405e-07,0.5,1.996304,548.0
2.0,0.0,3.3,1.355e-10,-6.00259e-07,0.5,1.996308,549.0
2.0,0.0,3.3,1.3564e-10,-6.00223e-07,0.5,1.996306,550.0
2.0,0.0,3.3,1.3529e-10,-6.00062e-07,0.5,1.99631,551.0
2.0,0.0,3.3,1.3629e-10,-6.00015e-07,0.5,1.996304,552.0
2.0,0.0,3.3,1.3619e-10,-5.99895e-07,0.5,1.996306,553.0
2.0,0.0,3.3,1.3508e-10,-5.99826e-07,0.5,1.996312,554.0
2.0,0.0,3.3,1.3558e-10,-5.99661e-07,0.5,1.996312,555.0
2.0,0.0,3.3,1.3559e-10,-5.99631e-07,0.5,1.996308,556.0
2.0,0.0,3.3,1.3455e-10,-5.99526e-07,0.5,1.996312,557.0
2.0,0.0,3.3,1.3625e-10,-5.99467e-07,0.5,1.996312,558.0
2.0,0.0,3.3,1.3663e-10,-5.99387e-07,0.5,1.996306,559.0
2.0,0.0,3.3,1.3705e-10,-5.99372e-07,0.5,1.996306,560.0
2.0,0.0,3.3,1.3565e-10,-5.99244e-07,0.5,1.996312,561.0
2.0,0.0,3.3,1.3714e-10,-5.9914e-07,0.5,1.996308,562.0
2.0,0.0,3.3,1.3529e-10,-5.99041e-07,0.5,1.996312,563.0
2.0,0.0,3.3,1.3639e-10,-5.9903e-07,0.5,1.996314,564.0
2.0,0.0,3.3,1.3631e-10,-5.98843e-07,0.5,1.99631,565.0
2.0,0.0,3.3,1.3551e-10,-5.98795e-07,0.5,1.996314,566.0
2.0,0.0,3.3,1.3521e-10,-5.98631e-07,0.5,1.996308,567.0
2.0,0.0,3.3,1.3647e-10,-5.98567e-07,0.5,1.996314,568.0
2.0,0.0,3.3,1.37e-10,-5.985e-07,0.5,1.996318,569.0
2.0,0.0,3.3,1.3701e-10,-5.98347e-07,0.5,1.996316,570.0
2.0,0.0,3.3,1.3668e-10,-5.98265e-07,0.5,1.996312,571.0
2.0,0.0,3.3,1.3685e-10,-5.98114e-07,0.5,1.996316,572.0
2.0,0.0,3.3,1.3621e-10,-5.98127e-07,0.5,1.996316,573.0
2.0,0.0,3.3,1.3592e-10,-5.98063e-07,0.5,1.996316,574.0
2.0,0.0,3.3,1.3562e-10,-5.97869e-07,0.5,1.99632,575.0
2.0,0.0,3.3,1.3715e-10,-5.97832e-07,0.5,1.996318,576.0
2.0,0.0,3.3,1.364e-10,-5.97757e-07,0.5,1.996318,577.0
2.0,0.0,3.3,1.3704e-10,-5.97591e-07,0.5,1.99632,578.0
2.0,0.0,3.3,1.3672e-10,-5.97534e-07,0.5,1.996322,579.0
2.0,0.0,3.3,1.3627e-10,-5.97394e-07,0.5,1.99632,580.0
2.0,0.0,3.3,1.3696e-10,-5.97337e-07,0.5,1.996326,581.0
2.0,0.0,3.3,1.3658e-10,-5.97267e-07,0.5,1.996324,582.0
2.0,0.0,3.3,1.3715e-10,-5.97141e-07,0.5,1.996326,583.0
2.0,0.0,3.3,1.3645e-10,-5.97058e-07,0.5,1.996326,584.0
2.0,0.0,3.3,1.3549e-10,-5.96914e-07,0.5,1.996324,585.0
2.0,0.0,3.3,1.3593e-10,-5.96845e-07,0.5,1.996322,586.0
2.0,0.0,3.3,1.3719e-10,-5.96808e-07,0.5,1.996322,587.0
2.0,0.0,3.3,1.3742e-10,-5.96733e-07,0.5,1.996328,588.0
2.0,0.0,3.3,1.3622e-10,-5.96554e-07,0.5,1.996324,589.0
2.0,0.0,3.3,1.3739e-10,-5.96517e-07,0.5,1.996324,590.0
2.0,0.0,3.3,1.3726e-10,-5.9637e-07,0.5,1.99633,591.0
2.0,0.0,3.3,1.3783e-10,-5.96331e-07,0.5,1.996328,592.0
2.0,0.0,3.3,1.3663e-10,-5.96184e-07,0.5,1.996326,593.0
2.0,0.0,3.3,1.3758e-10,-5.96154e-07,0.5,1.996322,594.0
2.0,0.0,3.3,1.3732e-10,-5.96145e-07,0.5,1.996324,595.0
2.0,0.0,3.3,1.3612e-10,-5.96001e-07,0.5,1.996324,596.0
2.0,0.0,3.3,1.3793e-10,-5.95968e-07,0.5,1.996324,597.0
2.0,0.0,3.3,1.3578e-10,-5.95893e-07,0.5,1.996326,598.0
2.0,0.0,3.3,1.3715e-10,-5.9576e-07,0.5,1.996328,599.0
2.0,0.0,3.3,1.3764e-10,-5.95644e-07,0.5,1.99633,600.0
2.0,0.0,3.3,1.3777e-10,-5.95617e-07,0.5,1.996326,601.0
2.0,0.0,3.3,1.397e-10,-5.95473e-07,0.5,1.996322,602.0
2.0,0.0,3.3,1.3934e-10,-5.95436e-07,0.5,1.996326,603.0
2.0,0.0,3.3,1.3795e-10,-5.9536e-07,0.5,1.996326,604.0
2.0,0.0,3.3,1.3871e-10,-5.95258e-07,0.5,1.996328,605.0
2.0,0.0,3.3,1.383e-10,-5.95217e-07,0.5,1.996332,606.0
2.0,0.0,3.3,1.3824e-10,-5.95079e-07,0.5,1.996332,607.0
2.0,0.0,3.3,1.3859e-10,-5.94977e-07,0.5,1.996334,608.0
2.0,0.0,3.3,1.3765e-10,-5.94946e-07,0.5,1.996328,609.0
2.0,0.0,3.3,1.3915e-10,-5.94867e-07,0.5,1.99633,610.0
2.0,0.0,3.3,1.3828e-10,-5.9471e-07,0.5,1.996328,611.0
2.0,0.0,3.3,1.3775e-10,-5.94621e-07,0.5,1.996332,612.0
2.0,0.0,3.3,1.3912e-10,-5.9463e-07,0.5,1.996328,613.0
2.0,0.0,3.3,1.3888e-10,-5.94513e-07,0.5,1.996326,614.0
2.0,0.0,3.3,1.3918e-10,-5.94412e-07,0.5,1.996326,615.0
2.0,0.0,3.3,1.4011e-10,-5.94376e-07,0.5,1.99633,616.0
2.0,0.0,3.3,1.39e-10,-5.94265e-07,0.5,1.996334,617.0
2.0,0.0,3.3,1.3924e-10,-5.94121e-07,0.5,1.996332,618.0
2.0,0.0,3.3,1.3943e-10,-5.94042e-07,0.5,1.99633,619.0
2.0,0.0,3.3,1.395e-10,-5.93932e-07,0.5,1.996332,620.0
2.0,0.0,3.3,1.3761e-10,-5.9392e-07,0.5,1.99633,621.0
2.0,0.0,3.3,1.3749e-10,-5.93854e-07,0.5,1.996334,622.0
2.0,0.0,3.3,1.3925e-10,-5.93698e-07,0.5,1.996336,623.0
2.0,0.0,3.3,1.4035e-10,-5.93652e-07,0.5,1.996336,624.0
2.0,0.0,3.3,1.3855e-10,-5.9356e-07,0.5,1.996338,625.0
2.0,0.0,3.3,1.3894e-10,-5.93502e-07,0.5,1.996336,626.0
2.0,0.0,3.3,1.38e-10,-5.93391e-07,0.5,1.996336,627.0
2.0,0.0,3.3,1.383e-10,-5.93279e-07,0.5,1.996336,628.0
2.0,0.0,3.3,1.3881e-10,-5.93212e-07,0.5,1.996334,629.0
2.0,0.0,3.3,1.3874e-10,-5.93164e-07,0.5,1.996336,630.0
2.0,0.0,3.3,1.3804e-10,-5.9301e-07,0.5,1.996338,631.0
2.0,0.0,3.3,1.3941e-10,-5.92963e-07,0.5,1.996342,632.0
2.0,0.0,3.3,1.3914e-10,-5.92868e-07,0.5,1.996336,633.0
2.0,0.0,3.3,1.3964e-10,-5.92763e-07,0.5,1.996338,634.0
2.0,0.0,3.3,1.4024e-10,-5.92645e-07,0.5,1.996338,635.0
2.0,0.0,3.3,1.4175e-10,-5.9262e-07,0.5,1.996338,636.0
2.0,0.0,3.3,1.405e-10,-5.92512e-07,0.5,1.99634,637.0
2.0,0.0,3.3,1.4189e-10,-5.92443e-07,0.5,1.99634,638.0
2.0,0.0,3.3,1.4117e-10,-5.92336e-07,0.5,1.996338,639.0
2.0,0.0,3.3,1.4129e-10,-5.92205e-07,0.5,1.99634,640.0
2.0,0.0,3.3,1.4178e-10,-5.92102e-07,0.5,1.996336,641.0
2.0,0.0,3.3,1.413e-10,-5.92007e-07,0.5,1.996338,642.0
2.0,0.0,3.3,1.4145e-10,-5.9198e-07,0.5,1.996334,643.0
2.0,0.0,3.3,1.4202e-10,-5.91854e-07,0.5,1.996324,644.0
2.0,0.0,3.3,1.4254e-10,-5.9175e-07,0.5,1.99633,645.0
2.0,0.0,3.3,1.4211e-10,-5.91608e-07,0.5,1.996336,646.0
2.0,0.0,3.3,1.4109e-10,-5.91519e-07,0.5,1.996344,647.0
2.0,0.0,3.3,1.4172e-10,-5.91499e-07,0.5,1.996348,648.0
2.0,0.0,3.3,1.4212e-10,-5.91456e-07,0.5,1.996346,649.0
2.0,0.0,3.3,1.4183e-10,-5.91328e-07,0.5,1.996342,650.0
2.0,0.0,3.3,1.4163e-10,-5.91237e-07,0.5,1.996342,651.0
2.0,0.0,3.3,1.4017e-10,-5.91128e-07,0.5,1.996346,652.0
2.0,0.0,3.3,1.4031e-10,-5.9105e-07,0.5,1.996348,653.0
2.0,0.0,3.3,1.4006e-10,-5.90959e-07,0.5,1.996348,654.0
2.0,0.0,3.3,1.4199e-10,-5.90858e-07,0.5,1.99635,655.0
2.0,0.0,3.3,1.421e-10,-5.90813e-07,0.5,1.996346,656.0
2.0,0.0,3.3,1.4206e-10,-5.90702e-07,0.5,1.99635,657.0
2.0,0.0,3.3,1.4164e-10,-5.90622e-07,0.5,1.996352,658.0
2.0,0.0,3.3,1.4191e-10,-5.90578e-07,0.5,1.996354,659.0
2.0,0.0,3.3,1.436e-10,-5.90437e-07,0.5,1.996352,660.0
2.0,0.0,3.3,1.4161e-10,-5.90387e-07,0.5,1.99635,661.0
2.0,0.0,3.3,1.4111e-10,-5.90265e-07,0.5,1.996354,662.0
2.0,0.0,3.3,1.4195e-10,-5.90226e-07,0.5,1.996352,663.0
2.0,0.0,3.3,1.4228e-10,-5.90084e-07,0.5,1.996354,664.0
2.0,0.0,3.3,1.4292e-10,-5.90074e-07,0.5,1.996358,665.0
2.0,0.0,3.3,1.432e-10,-5.89902e-07,0.5,1.996356,666.0
2.0,0.0,3.3,1.4185e-10,-5.89836e-07,0.5,1.996354,667.0
2.0,0.0,3.3,1.4177e-10,-5.89833e-07,0.5,1.996358,668.0
2.0,0.0,3.3,1.4157e-10,-5.89677e-07,0.5,1.996356,669.0
2.0,0.0,3.3,1.4211e-10,-5.89621e-07,0.5,1.996356,670.0
2.0,0.0,3.3,1.4122e-10,-5.89485e-07,0.5,1.996358,671.0
2.0,0.0,3.3,1.4219e-10,-5.89381e-07,0.5,1.996364,672.0
2.0,0.0,3.3,1.4151e-10,-5.89314e-07,0.5,1.996362,673.0
2.0,0.0,3.3,1.4231e-10,-5.89275e-07,0.5,1.996358,674.0
2.0,0.0,3.3,1.4163e-10,-5.89185e-07,0.5,1.99636,675.0
2.0,0.0,3.3,1.4178e-10,-5.89068e-07,0.5,1.99636,676.0
2.0,0.0,3.3,1.3959e-10,-5.88987e-07,0.5,1.996364,677.0
2.0,0.0,3.3,1.4266e-10,-5.8901e-07,0.5,1.996362,678.0
2.0,0.0,3.3,1.4203e-10,-5.88849e-07,0.5,1.996362,679.0
2.0,0.0,3.3,1.4388e-10,-5.88765e-07,0.5,1.996364,680.0
2.0,0.0,3.3,1.4276e-10,-5.88645e-07,0.5,1.996364,681.0
2.0,0.0,3.3,1.4323e-10,-5.88567e-07,0.5,1.996364,682.0
2.0,0.0,3.3,1.4457e-10,-5.88515e-07,0.5,1.996362,683.0
2.0,0.0,3.3,1.4443e-10,-5.88473e-07,0.5,1.996364,684.0
2.0,0.0,3.3,1.437e-10,-5.88411e-07,0.5,1.996364,685.0
2.0,0.0,3.3,1.4501e-10,-5.88331e-07,0.5,1.996364,686.0
2.0,0.0,3.3,1.4155e-10,-5.88257e-07,0.5,1.99637,687.0
2.0,0.0,3.3,1.4281e-10,-5.88147e-07,0.5,1.996368,688.0
2.0,0.0,3.3,1.4258e-10,-5.88093e-07,0.5,1.996364,689.0
2.0,0.0,3.3,1.4274e-10,-5.87956e-07,0.5,1.996366,690.0
2.0,0.0,3.3,1.4315e-10,-5.87939e-07,0.5,1.99637,691.0
2.0,0.0,3.3,1.4327e-10,-5.87757e-07,0.5,1.996366,692.0
2.0,0.0,3.3,1.4281e-10,-5.87725e-07,0.5,1.996368,693.0
2.0,0.0,3.3,1.4121e-10,-5.87634e-07,0.5,1.996366,694.0
2.0,0.0,3.3,1.3934e-10,-5.875e-07,0.5,1.996368,695.0
2.0,0.0,3.3,1.3935e-10,-5.87427e-07,0.5,1.996372,696.0
2.0,0.0,3.3,1.4163e-10,-5.87302e-07,0.5,1.996368,697.0
2.0,0.0,3.3,1.3999e-10,-5.87309e-07,0.5,1.996362,698.0
2.0,0.0,3.3,1.4139e-10,-5.87159e-07,0.5,1.996368,699.0
2.0,0.0,3.3,1.4103e-10,-5.87111e-07,0.5,1.99637,700.0
2.0,0.0,3.3,1.4098e-10,-5.8706e-07,0.5,1.996372,701.0
2.0,0.0,3.3,1.4112e-10,-5.8693e-07,0.5,1.996372,702.0
2.0,0.0,3.3,1.435e-10,-5.86838e-07,0.5,1.996372,703.0
2.0,0.0,3.3,1.4134e-10,-5.86743e-07,0.5,1.99637,704.0
2.0,0.0,3.3,1.4278e-10,-5.86695e-07,0.5,1.996372,705.0
2.0,0.0,3.3,1.4102e-10,-5.8662e-07,0.5,1.996372,706.0
2.0,0.0,3.3,1.4252e-10,-5.86544e-07,0.5,1.996372,707.0
2.0,0.0,3.3,1.4336e-10,-5.864e-07,0.5,1.996372,708.0
2.0,0.0,3.3,1.4218e-10,-5.86367e-07,0.5,1.996368,709.0
2.0,0.0,3.3,1.388e-10,-5.86256e-07,0.5,1.996374,710.0
2.0,0.0,3.3,1.4231e-10,-5.86202e-07,0.5,1.996378,711.0
2.0,0.0,3.3,1.4203e-10,-5.86093e-07,0.5,1.996378,712.0
2.0,0.0,3.3,1.4013e-10,-5.86041e-07,0.5,1.996376,713.0
2.0,0.0,3.3,1.4104e-10,-5.85989e-07,0.5,1.996374,714.0
2.0,0.0,3.3,1.407e-10,-5.85867e-07,0.5,1.996376,715.0
2.0,0.0,3.3,1.4049e-10,-5.85867e-07,0.5,1.996376,716.0
2.0,0.0,3.3,1.4091e-10,-5.85721e-07,0.5,1.996378,717.0
2.0,0.0,3.3,1.4093e-10,-5.85697e-07,0.5,1.996376,718.0
2.0,0.0,3.3,1.4027e-10,-5.85617e-07,0.5,1.996376,719.0
2.0,0.0,3.3,1.3989e-10,-5.85523e-07,0.5,1.996378,720.0
2.0,0.0,3.3,1.4193e-10,-5.85463e-07,0.5,1.996378,721.0
2.0,0.0,3.3,1.4249e-10,-5.85361e-07,0.5,1.996378,722.0
2.0,0.0,3.3,1.415e-10,-5.85281e-07,0.5,1.996372,723.0
2.0,0.0,3.3,1.4006e-10,-5.85152e-07,0.5,1.99638,724.0
2.0,0.0,3.3,1.3946e-10,-5.85097e-07,0.5,1.99638,725.0
2.0,0.0,3.3,1.3815e-10,-5.85102e-07,0.5,1.996386,726.0
2.0,0.0,3.3,1.3925e-10,-5.84957e-07,0.5,1.996382,727.0
2.0,0.0,3.3,1.4068e-10,-5.8489e-07,0.5,1.996384,728.0
2.0,0.0,3.3,1.4022e-10,-5.8478e-07,0.5,1.996384,729.0
2.0,0.0,3.3,1.4115e-10,-5.8471e-07,0.5,1.996382,730.0
2.0,0.0,3.3,1.408e-10,-5.84655e-07,0.5,1.996376,731.0
2.0,0.0,3.3,1.404e-10,-5.84581e-07,0.5,1.996384,732.0
2.0,0.0,3.3,1.4188e-10,-5.84455e-07,0.5,1.996382,733.0
2.0,0.0,3.3,1.4192e-10,-5.84356e-07,0.5,1.996384,734.0
2.0,0.0,3.3,1.4238e-10,-5.84283e-07,0.5,1.996384,735.0
2.0,0.0,3.3,1.4082e-10,-5.84209e-07,0.5,1.996384,736.0
2.0,0.0,3.3,1.4115e-10,-5.84054e-07,0.5,1.99639,737.0
2.0,0.0,3.3,1.4212e-10,-5.8397e-07,0.5,1.996386,738.0
2.0,0.0,3.3,1.4233e-10,-5.83911e-07,0.5,1.996386,739.0
2.0,0.0,3.3,1.4215e-10,-5.83832e-07,0.5,1.996388,740.0
2.0,0.0,3.3,1.4116e-10,-5.83767e-07,0.5,1.996384,741.0
2.0,0.0,3.3,1.4121e-10,-5.83673e-07,0.5,1.99639,742.0
2.0,0.0,3.3,1.4077e-10,-5.83606e-07,0.5,1.996388,743.0
2.0,0.0,3.3,1.3962e-10,-5.83536e-07,0.5,1.996388,744.0
2.0,0.0,3.3,1.4147e-10,-5.83441e-07,0.5,1.996384,745.0
2.0,0.0,3.3,1.4225e-10,-5.83381e-07,0.5,1.996386,746.0
2.0,0.0,3.3,1.4273e-10,-5.83215e-07,0.5,1.99639,747.0
2.0,0.0,3.3,1.4238e-10,-5.83159e-07,0.5,1.996392,748.0
2.0,0.0,3.3,1.4395e-10,-5.83129e-07,0.5,1.996392,749.0
2.0,0.0,3.3,1.4157e-10,-5.82991e-07,0.5,1.99639,750.0
2.0,0.0,3.3,1.4283e-10,-5.82888e-07,0.5,1.99639,751.0
2.0,0.0,3.3,1.416e-10,-5.82839e-07,0.5,1.996388,752.0
2.0,0.0,3.3,1.4233e-10,-5.82747e-07,0.5,1.996392,753.0
2.0,0.0,3.3,1.4156e-10,-5.82679e-07,0.5,1.996392,754.0
2.0,0.0,3.3,1.4273e-10,-5.82706e-07,0.5,1.996388,755.0
2.0,0.0,3.3,1.4186e-10,-5.8256e-07,0.5,1.996388,756.0
2.0,0.0,3.3,1.4176e-10,-5.82488e-07,0.5,1.99639,757.0
2.0,0.0,3.3,1.418e-10,-5.82384e-07,0.5,1.99639,758.0
2.0,0.0,3.3,1.415e-10,-5.8232e-07,0.5,1.996394,759.0
2.0,0.0,3.3,1.4233e-10,-5.82288e-07,0.5,1.996394,760.0
2.0,0.0,3.3,1.418e-10,-5.82218e-07,0.5,1.996388,761.0
2.0,0.0,3.3,1.4271e-10,-5.82165e-07,0.5,1.996384,762.0
2.0,0.0,3.3,1.4215e-10,-5.82073e-07,0.5,1.996392,763.0
2.0,0.0,3.3,1.4265e-10,-5.81992e-07,0.5,1.99638,764.0
2.0,0.0,3.3,1.4346e-10,-5.81877e-07,0.5,1.99638,765.0
2.0,0.0,3.3,1.4303e-10,-5.81785e-07,0.5,1.996394,766.0
2.0,0.0,3.3,1.4342e-10,-5.81692e-07,0.5,1.996396,767.0
2.0,0.0,3.3,1.4291e-10,-5.81587e-07,0.5,1.996394,768.0
2.0,0.0,3.3,1.433e-10,-5.81501e-07,0.5,1.996382,769.0
2.0,0.0,3.3,1.4422e-10,-5.81508e-07,0.5,1.996384,770.0
2.0,0.0,3.3,1.4381e-10,-5.814e-07,0.5,1.996394,771.0
2.0,0.0,3.3,1.4414e-10,-5.81243e-07,0.5,1.9964,772.0
2.0,0.0,3.3,1.4321e-10,-5.81199e-07,0.5,1.996398,773.0
2.0,0.0,3.3,1.4386e-10,-5.81155e-07,0.5,1.996396,774.0
2.0,0.0,3.3,1.4384e-10,-5.81051e-07,0.5,1.996388,775.0
2.0,0.0,3.3,1.4438e-10,-5.81054e-07,0.5,1.996386,776.0
2.0,0.0,3.3,1.4496e-10,-5.80967e-07,0.5,1.996402,777.0
2.0,0.0,3.3,1.4514e-10,-5.80887e-07,0.5,1.996396,778.0
2.0,0.0,3.3,1.4465e-10,-5.80743e-07,0.5,1.996404,779.0
2.0,0.0,3.3,1.4427e-10,-5.80689e-07,0.5,1.996404,780.0
2.0,0.0,3.3,1.4395e-10,-5.80642e-07,0.5,1.996394,781.0
2.0,0.0,3.3,1.4419e-10,-5.80515e-07,0.5,1.996398,782.0
2.0,0.0,3.3,1.4327e-10,-5.80448e-07,0.5,1.996396,783.0
2.0,0.0,3.3,1.4551e-10,-5.80387e-07,0.5,1.9964,784.0
2.0,0.0,3.3,1.4558e-10,-5.80203e-07,0.5,1.99641,785.0
2.0,0.0,3.3,1.4523e-10,-5.80177e-07,0.5,1.996406,786.0
2.0,0.0,3.3,1.4614e-10,-5.80133e-07,0.5,1.996408,787.0
2.0,0.0,3.3,1.4518e-10,-5.80029e-07,0.5,1.996398,788.0
2.0,0.0,3.3,1.4439e-10,-5.79968e-07,0.5,1.996408,789.0
2.0,0.0,3.3,1.4294e-10,-5.79893e-07,0.5,1.996404,790.0
2.0,0.0,3.3,1.4429e-10,-5.79785e-07,0.5,1.99641,791.0
2.0,0.0,3.3,1.4492e-10,-5.79717e-07,0.5,1.996414,792.0
2.0,0.0,3.3,1.4416e-10,-5.79613e-07,0.5,1.996412,793.0
2.0,0.0,3.3,1.4574e-10,-5.79551e-07,0.5,1.996408,794.0
2.0,0.0,3.3,1.445e-10,-5.79427e-07,0.5,1.996408,795.0
2.0,0.0,3.3,1.4578e-10,-5.79417e-07,0.5,1.996398,796.0
2.0,0.0,3.3,1.4577e-10,-5.79414e-07,0.5,1.99641,797.0
2.0,0.0,3.3,1.4692e-10,-5.79229e-07,0.5,1.996408,798.0
2.0,0.0,3.3,1.4641e-10,-5.79152e-07,0.5,1.99641,799.0
2.0,0.0,3.3,1.4717e-10,-5.79058e-07,0.5,1.996414,800.0
2.0,0.0,3.3,1.4548e-10,-5.78973e-07,0.5,1.996418,801.0
2.0,0.0,3.3,1.4701e-10,-5.78829e-07,0.5,1.996412,802.0
2.0,0.0,3.3,1.4721e-10,-5.78771e-07,0.5,1.996412,803.0
2.0,0.0,3.3,1.4517e-10,-5.78736e-07,0.5,1.996416,804.0
2.0,0.0,3.3,1.4618e-10,-5.7872e-07,0.5,1.996416,805.0
2.0,0.0,3.3,1.4516e-10,-5.78643e-07,0.5,1.996416,806.0
2.0,0.0,3.3,1.4598e-10,-5.78536e-07,0.5,1.996414,807.0
2.0,0.0,3.3,1.456e-10,-5.78516e-07,0.5,1.996412,808.0
2.0,0.0,3.3,1.4446e-10,-5.78413e-07,0.5,1.99642,809.0
2.0,0.0,3.3,1.4552e-10,-5.78339e-07,0.5,1.996416,810.0
2.0,0.0,3.3,1.4706e-10,-5.78223e-07,0.5,1.996416,811.0
2.0,0.0,3.3,1.4647e-10,-5.78177e-07,0.5,1.996418,812.0
2.0,0.0,3.3,1.446e-10,-5.78124e-07,0.5,1.996414,813.0
2.0,0.0,3.3,1.4409e-10,-5.78021e-07,0.5,1.99642,814.0
2.0,0.0,3.3,1.4534e-10,-5.77932e-07,0.5,1.996422,815.0
2.0,0.0,3.3,1.452e-10,-5.77816e-07,0.5,1.996418,816.0
2.0,0.0,3.3,1.4496e-10,-5.77747e-07,0.5,1.996422,817.0
2.0,0.0,3.3,1.4443e-10,-5.77736e-07,0.5,1.996424,818.0
2.0,0.0,3.3,1.449e-10,-5.7767e-07,0.5,1.996418,819.0
2.0,0.0,3.3,1.4434e-10,-5.77585e-07,0.5,1.996418,820.0
2.0,0.0,3.3,1.4546e-10,-5.77475e-07,0.5,1.99642,821.0
2.0,0.0,3.3,1.4583e-10,-5.77409e-07,0.5,1.996416,822.0
2.0,0.0,3.3,1.4573e-10,-5.77344e-07,0.5,1.996422,823.0
2.0,0.0,3.3,1.4487e-10,-5.77169e-07,0.5,1.99642,824.0
2.0,0.0,3.3,1.4513e-10,-5.77118e-07,0.5,1.996422,825.0
2.0,0.0,3.3,1.4672e-10,-5.77103e-07,0.5,1.996422,826.0
2.0,0.0,3.3,1.4434e-10,-5.76956e-07,0.5,1.996422,827.0
2.0,0.0,3.3,1.463e-10,-5.76945e-07,0.5,1.99642,828.0
2.0,0.0,3.3,1.4631e-10,-5.76883e-07,0.5,1.996418,829.0
2.0,0.0,3.3,1.4543e-10,-5.76736e-07,0.5,1.996416,830.0
2.0,0.0,3.3,1.4529e-10,-5.76673e-07,0.5,1.996422,831.0
2.0,0.0,3.3,1.4454e-10,-5.76598e-07,0.5,1.996422,832.0
2.0,0.0,3.3,1.4427e-10,-5.76485e-07,0.5,1.996424,833.0
2.0,0.0,3.3,1.4619e-10,-5.76412e-07,0.5,1.996424,834.0
2.0,0.0,3.3,1.4606e-10,-5.76317e-07,0.5,1.996426,835.0
2.0,0.0,3.3,1.4631e-10,-5.76278e-07,0.5,1.996422,836.0
2.0,0.0,3.3,1.4743e-10,-5.76201e-07,0.5,1.996426,837.0
2.0,0.0,3.3,1.4708e-10,-5.76096e-07,0.5,1.996424,838.0
2.0,0.0,3.3,1.4693e-10,-5.76018e-07,0.5,1.996422,839.0
2.0,0.0,3.3,1.4747e-10,-5.75905e-07,0.5,1.996424,840.0
2.0,0.0,3.3,1.4697e-10,-5.7583e-07,0.5,1.996422,841.0
2.0,0.0,3.3,1.465e-10,-5.75803e-07,0.5,1.996428,842.0
2.0,0.0,3.3,1.4604e-10,-5.75699e-07,0.5,1.996428,843.0
2.0,0.0,3.3,1.4823e-10,-5.75579e-07,0.5,1.996424,844.0
2.0,0.0,3.3,1.4702e-10,-5.75541e-07,0.5,1.99643,845.0
2.0,0.0,3.3,1.4741e-10,-5.75457e-07,0.5,1.996428,846.0
2.0,0.0,3.3,1.4814e-10,-5.75375e-07,0.5,1.996426,847.0
2.0,0.0,3.3,1.4791e-10,-5.75401e-07,0.5,1.99643,848.0
2.0,0.0,3.3,1.4985e-10,-5.75224e-07,0.5,1.996432,849.0
2.0,0.0,3.3,1.4831e-10,-5.75196e-07,0.5,1.996428,850.0
2.0,0.0,3.3,1.4815e-10,-5.75194e-07,0.5,1.996432,851.0
2.0,0.0,3.3,1.4824e-10,-5.75084e-07,0.5,1.996432,852.0
2.0,0.0,3.3,1.4935e-10,-5.74987e-07,0.5,1.996434,853.0
2.0,0.0,3.3,1.4766e-10,-5.74952e-07,0.5,1.996438,854.0
2.0,0.0,3.3,1.496e-10,-5.7489e-07,0.5,1.996436,855.0
2.0,0.0,3.3,1.4938e-10,-5.74827e-07,0.5,1.996434,856.0
2.0,0.0,3.3,1.4892e-10,-5.74772e-07,0.5,1.996436,857.0
2.0,0.0,3.3,1.475e-10,-5.74675e-07,0.5,1.996436,858.0
2.0,0.0,3.3,1.4845e-10,-5.74583e-07,0.5,1.99643,859.0
2.0,0.0,3.3,1.484e-10,-5.74542e-07,0.5,1.996438,860.0
2.0,0.0,3.3,1.4983e-10,-5.7437e-07,0.5,1.996434,861.0
2.0,0.0,3.3,1.4948e-10,-5.74333e-07,0.5,1.996438,862.0
2.0,0.0,3.3,1.5016e-10,-5.74246e-07,0.5,1.99644,863.0
2.0,0.0,3.3,1.501e-10,-5.74124e-07,0.5,1.996434,864.0
2.0,0.0,3.3,1.4888e-10,-5.74069e-07,0.5,1.996436,865.0
2.0,0.0,3.3,1.4896e-10,-5.74023e-07,0.5,1.996434,866.0
2.0,0.0,3.3,1.4757e-10,-5.73892e-07,0.5,1.99644,867.0
2.0,0.0,3.3,1.4986e-10,-5.73913e-07,0.5,1.996438,868.0
2.0,0.0,3.3,1.4867e-10,-5.73772e-07,0.5,1.996436,869.0
2.0,0.0,3.3,1.5009e-10,-5.7375e-07,0.5,1.996434,870.0
2.0,0.0,3.3,1.51e-10,-5.73659e-07,0.5,1.99644,871.0
2.0,0.0,3.3,1.4907e-10,-5.73609e-07,0.5,1.99644,872.0
2.0,0.0,3.3,1.5096e-10,-5.73506e-07,0.5,1.996446,873.0
2.0,0.0,3.3,1.4975e-10,-5.73459e-07,0.5,1.996444,874.0
2.0,0.0,3.3,1.5028e-10,-5.73338e-07,0.5,1.996446,875.0
2.0,0.0,3.3,1.5124e-10,-5.73305e-07,0.5,1.996442,876.0
2.0,0.0,3.3,1.5025e-10,-5.73241e-07,0.5,1.996442,877.0
2.0,0.0,3.3,1.5009e-10,-5.73147e-07,0.5,1.99644,878.0
2.0,0.0,3.3,1.4958e-10,-5.73123e-07,0.5,1.996436,879.0
2.0,0.0,3.3,1.5043e-10,-5.73036e-07,0.5,1.996442,880.0
2.0,0.0,3.3,1.5018e-10,-5.72951e-07,0.5,1.996444,881.0
2.0,0.0,3.3,1.4979e-10,-5.72877e-07,0.5,1.996446,882.0
2.0,0.0,3.3,1.5041e-10,-5.7275e-07,0.5,1.996442,883.0
2.0,0.0,3.3,1.4864e-10,-5.72712e-07,0.5,1.996444,884.0
2.0,0.0,3.3,1.4967e-10,-5.72605e-07,0.5,1.996448,885.0
2.0,0.0,3.3,1.4956e-10,-5.72619e-07,0.5,1.996446,886.0
2.0,0.0,3.3,1.5048e-10,-5.72498e-07,0.5,1.99645,887.0
2.0,0.0,3.3,1.5051e-10,-5.72411e-07,0.5,1.996446,888.0
2.0,0.0,3.3,1.5015e-10,-5.72288e-07,0.5,1.996446,889.0
2.0,0.0,3.3,1.5065e-10,-5.72253e-07,0.5,1.996448,890.0
2.0,0.0,3.3,1.5021e-10,-5.72095e-07,0.5,1.996442,891.0
2.0,0.0,3.3,1.5044e-10,-5.72128e-07,0.5,1.996446,892.0
2.0,0.0,3.3,1.4913e-10,-5.72024e-07,0.5,1.996446,893.0
2.0,0.0,3.3,1.5016e-10,-5.71939e-07,0.5,1.996448,894.0
2.0,0.0,3.3,1.5159e-10,-5.71851e-07,0.5,1.996444,895.0
2.0,0.0,3.3,1.5059e-10,-5.71752e-07,0.5,1.996448,896.0
2.0,0.0,3.3,1.5032e-10,-5.71681e-07,0.5,1.99645,897.0
2.0,0.0,3.3,1.5161e-10,-5.71609e-07,0.5,1.99645,898.0
2.0,0.0,3.3,1.5118e-10,-5.71518e-07,0.5,1.996446,899.0
2.0,0.0,3.3,1.5119e-10,-5.71437e-07,0.5,1.996452,900.0
2.0,0.0,3.3,1.5289e-10,-5.71326e-07,0.5,1.996452,901.0
2.0,0.0,3.3,1.5361e-10,-5.713e-07,0.5,1.99645,902.0
2.0,0.0,3.3,1.5123e-10,-5.71186e-07,0.5,1.996452,903.0
2.0,0.0,3.3,1.5042e-10,-5.71137e-07,0.5,1.99645,904.0
2.0,0.0,3.3,1.5229e-10,-5.7104e-07,0.5,1.996452,905.0
2.0,0.0,3.3,1.5162e-10,-5.71041e-07,0.5,1.996456,906.0
2.0,0.0,3.3,1.5261e-10,-5.70916e-07,0.5,1.996458,907.0
2.0,0.0,3.3,1.5251e-10,-5.70823e-07,0.5,1.996458,908.0
2.0,0.0,3.3,1.5177e-10,-5.70772e-07,0.5,1.996454,909.0
2.0,0.0,3.3,1.528e-10,-5.70659e-07,0.5,1.99646,910.0
2.0,0.0,3.3,1.531e-10,-5.70586e-07,0.5,1.996456,911.0
2.0,0.0,3.3,1.5178e-10,-5.70519e-07,0.5,1.996454,912.0
2.0,0.0,3.3,1.5261e-10,-5.70497e-07,0.5,1.996462,913.0
2.0,0.0,3.3,1.5191e-10,-5.70345e-07,0.5,1.99646,914.0
2.0,0.0,3.3,1.5365e-10,-5.70317e-07,0.5,1.99646,915.0
2.0,0.0,3.3,1.526e-10,-5.70218e-07,0.5,1.99646,916.0
2.0,0.0,3.3,1.5241e-10,-5.70212e-07,0.5,1.996462,917.0
2.0,0.0,3.3,1.5186e-10,-5.70179e-07,0.5,1.99646,918.0
2.0,0.0,3.3,1.5123e-10,-5.70074e-07,0.5,1.99646,919.0
2.0,0.0,3.3,1.5223e-10,-5.69934e-07,0.5,1.996464,920.0
2.0,0.0,3.3,1.5275e-10,-5.69888e-07,0.5,1.996466,921.0
2.0,0.0,3.3,1.5198e-10,-5.69842e-07,0.5,1.996462,922.0
2.0,0.0,3.3,1.5392e-10,-5.6973e-07,0.5,1.996468,923.0
2.0,0.0,3.3,1.5307e-10,-5.69685e-07,0.5,1.996466,924.0
2.0,0.0,3.3,1.5349e-10,-5.69654e-07,0.5,1.996462,925.0
2.0,0.0,3.3,1.5253e-10,-5.69547e-07,0.5,1.996462,926.0
2.0,0.0,3.3,1.5302e-10,-5.69524e-07,0.5,1.996464,927.0
2.0,0.0,3.3,1.5283e-10,-5.69347e-07,0.5,1.996466,928.0
2.0,0.0,3.3,1.545e-10,-5.69393e-07,0.5,1.996464,929.0
2.0,0.0,3.3,1.5459e-10,-5.69298e-07,0.5,1.996472,930.0
2.0,0.0,3.3,1.5307e-10,-5.69171e-07,0.5,1.996468,931.0
2.0,0.0,3.3,1.5272e-10,-5.69118e-07,0.5,1.996468,932.0
2.0,0.0,3.3,1.5231e-10,-5.69073e-07,0.5,1.996466,933.0
2.0,0.0,3.3,1.5286e-10,-5.69002e-07,0.5,1.996466,934.0
2.0,0.0,3.3,1.5342e-10,-5.68964e-07,0.5,1.996462,935.0
2.0,0.0,3.3,1.5256e-10,-5.68831e-07,0.5,1.996468,936.0
2.0,0.0,3.3,1.5194e-10,-5.68825e-07,0.5,1.996466,937.0
2.0,0.0,3.3,1.518e-10,-5.68659e-07,0.5,1.99647,938.0
2.0,0.0,3.3,1.5142e-10,-5.68647e-07,0.5,1.996472,939.0
2.0,0.0,3.3,1.5115e-10,-5.68456e-07,0.5,1.99647,940.0
2.0,0.0,3.3,1.5144e-10,-5.68454e-07,0.5,1.996468,941.0
2.0,0.0,3.3,1.5314e-10,-5.68377e-07,0.5,1.996468,942.0
2.0,0.0,3.3,1.5327e-10,-5.6833e-07,0.5,1.996468,943.0
2.0,0.0,3.3,1.5386e-10,-5.68324e-07,0.5,1.99647,944.0
2.0,0.0,3.3,1.5236e-10,-5.68228e-07,0.5,1.996468,945.0
2.0,0.0,3.3,1.5249e-10,-5.68157e-07,0.5,1.996472,946.0
2.0,0.0,3.3,1.5244e-10,-5.68093e-07,0.5,1.996474,947.0
2.0,0.0,3.3,1.5313e-10,-5.68008e-07,0.5,1.99647,948.0
2.0,0.0,3.3,1.551e-10,-5.67844e-07,0.5,1.996476,949.0
2.0,0.0,3.3,1.5364e-10,-5.67879e-07,0.5,1.996474,950.0
2.0,0.0,3.3,1.533e-10,-5.67715e-07,0.5,1.996474,951.0
2.0,0.0,3.3,1.5347e-10,-5.67622e-07,0.5,1.996474,952.0
2.0,0.0,3.3,1.5255e-10,-5.676e-07,0.5,1.996476,953.0
2.0,0.0,3.3,1.5429e-10,-5.67575e-07,0.5,1.996478,954.0
2.0,0.0,3.3,1.5396e-10,-5.67486e-07,0.5,1.996474,955.0
2.0,0.0,3.3,1.538e-10,-5.67346e-07,0.5,1.996478,956.0
2.0,0.0,3.3,1.537e-10,-5.67267e-07,0.5,1.996478,957.0
2.0,0.0,3.3,1.5322e-10,-5.67237e-07,0.5,1.996478,958.0
2.0,0.0,3.3,1.5463e-10,-5.67174e-07,0.5,1.996476,959.0
2.0,0.0,3.3,1.5348e-10,-5.6708e-07,0.5,1.99648,960.0
2.0,0.0,3.3,1.5354e-10,-5.66954e-07,0.5,1.996476,961.0
2.0,0.0,3.3,1.5252e-10,-5.66921e-07,0.5,1.996482,962.0
2.0,0.0,3.3,1.5383e-10,-5.66864e-07,0.5,1.996476,963.0
2.0,0.0,3.3,1.5424e-10,-5.66789e-07,0.5,1.99648,964.0
2.0,0.0,3.3,1.5391e-10,-5.66687e-07,0.5,1.99648,965.0
2.0,0.0,3.3,1.5384e-10,-5.66593e-07,0.5,1.996476,966.0
2.0,0.0,3.3,1.5267e-10,-5.66562e-07,0.5,1.996482,967.0
2.0,0.0,3.3,1.5433e-10,-5.66481e-07,0.5,1.996482,968.0
2.0,0.0,3.3,1.5294e-10,-5.6642e-07,0.5,1.996478,969.0
2.0,0.0,3.3,1.5488e-10,-5.66339e-07,0.5,1.99648,970.0
2.0,0.0,3.3,1.5324e-10,-5.66265e-07,0.5,1.99648,971.0
2.0,0.0,3.3,1.5354e-10,-5.66212e-07,0.5,1.99648,972.0
2.0,0.0,3.3,1.5362e-10,-5.66143e-07,0.5,1.996482,973.0
2.0,0.0,3.3,1.5425e-10,-5.66085e-07,0.5,1.996482,974.0
2.0,0.0,3.3,1.5404e-10,-5.65973e-07,0.5,1.996484,975.0
2.0,0.0,3.3,1.5473e-10,-5.65957e-07,0.5,1.996482,976.0
2.0,0.0,3.3,1.5423e-10,-5.65879e-07,0.5,1.996486,977.0
2.0,0.0,3.3,1.5401e-10,-5.65764e-07,0.5,1.996488,978.0
2.0,0.0,3.3,1.544e-10,-5.65649e-07,0.5,1.996486,979.0
2.0,0.0,3.3,1.5232e-10,-5.65585e-07,0.5,1.996492,980.0
2.0,0.0,3.3,1.5156e-10,-5.65571e-07,0.5,1.99649,981.0
2.0,0.0,3.3,1.5309e-10,-5.65526e-07,0.5,1.996486,982.0
2.0,0.0,3.3,1.5312e-10,-5.65448e-07,0.5,1.996486,983.0
2.0,0.0,3.3,1.5452e-10,-5.65442e-07,0.5,1.996488,984.0
2.0,0.0,3.3,1.5492e-10,-5.65347e-07,0.5,1.99649,985.0
2.0,0.0,3.3,1.543e-10,-5.65304e-07,0.5,1.996486,986.0
2.0,0.0,3.3,1.5406e-10,-5.65281e-07,0.5,1.996486,987.0
2.0,0.0,3.3,1.5381e-10,-5.65143e-07,0.5,1.996488,988.0
2.0,0.0,3.3,1.5401e-10,-5.65039e-07,0.5,1.99649,989.0
2.0,0.0,3.3,1.5399e-10,-5.65023e-07,0.5,1.996492,990.0
2.0,0.0,3.3,1.5404e-10,-5.64927e-07,0.5,1.996492,991.0
2.0,0.0,3.3,1.5352e-10,-5.64845e-07,0.5,1.996486,992.0
2.0,0.0,3.3,1.5522e-10,-5.64741e-07,0.5,1.99649,993.0
2.0,0.0,3.3,1.5577e-10,-5.64754e-07,0.5,1.996488,994.0
2.0,0.0,3.3,1.5654e-10,-5.64646e-07,0.5,1.996486,995.0
2.0,0.0,3.3,1.5676e-10,-5.64562e-07,0.5,1.99649,996.0
2.0,0.0,3.3,1.5474e-10,-5.64453e-07,0.5,1.996492,997.0
2.0,0.0,3.3,1.5658e-10,-5.64436e-07,0.5,1.99649,998.0
2.0,0.0,3.3,1.5554e-10,-5.64289e-07,0.5,1.99649,999.0
