time,VDD,IDD,ISS,VREF,IREF,VOUT
1,3.3,9.91E+307,9.91E+307,0.5,9.91E+307,1.189072
2,3.3,9.91E+307,9.91E+307,0.5,9.91E+307,1.472566
3,3.3,9.91E+307,9.91E+307,0.5,9.91E+307,1.467818
4,3.3,9.91E+307,9.91E+307,0.5,9.91E+307,1.473178
5,3.3,9.91E+307,9.91E+307,0.5,9.91E+307,1.471156
6,3.3,9.91E+307,9.91E+307,0.5,9.91E+307,1.475864
7,3.3,9.91E+307,9.91E+307,0.5,9.91E+307,1.476426
8,3.3,9.91E+307,9.91E+307,0.5,9.91E+307,1.472556
9,3.3,9.91E+307,9.91E+307,0.5,9.91E+307,1.475694
10,3.3,9.91E+307,9.91E+307,0.5,9.91E+307,1.47722
11,3.3,9.91E+307,9.91E+307,0.5,9.91E+307,1.476354
12,3.3,9.91E+307,9.91E+307,0.5,9.91E+307,1.467704
13,3.3,9.91E+307,9.91E+307,0.5,9.91E+307,1.470838
14,3.3,9.91E+307,9.91E+307,0.5,9.91E+307,1.472028
15,3.3,9.91E+307,9.91E+307,0.5,9.91E+307,1.453508
16,3.3,9.91E+307,9.91E+307,0.5,9.91E+307,1.466704
17,3.3,9.91E+307,9.91E+307,0.5,9.91E+307,1.469408
18,3.3,9.91E+307,9.91E+307,0.5,9.91E+307,1.46972
19,3.3,9.91E+307,9.91E+307,0.5,9.91E+307,1.470288
20,3.3,9.91E+307,9.91E+307,0.5,9.91E+307,1.461182
21,3.3,9.91E+307,9.91E+307,0.5,9.91E+307,1.470488
22,3.3,9.91E+307,9.91E+307,0.5,9.91E+307,1.472622
23,3.3,9.91E+307,9.91E+307,0.5,9.91E+307,1.464962
24,3.3,9.91E+307,9.91E+307,0.5,9.91E+307,1.471384
25,3.3,9.91E+307,9.91E+307,0.5,9.91E+307,1.4741
26,3.3,9.91E+307,9.91E+307,0.5,9.91E+307,1.46652
27,3.3,9.91E+307,9.91E+307,0.5,9.91E+307,1.472606
28,3.3,9.91E+307,9.91E+307,0.5,9.91E+307,1.4745
29,3.3,9.91E+307,9.91E+307,0.5,9.91E+307,1.471946
30,3.3,9.91E+307,9.91E+307,0.5,9.91E+307,1.468908
31,3.3,9.91E+307,9.91E+307,0.5,9.91E+307,1.468924
32,3.3,9.91E+307,9.91E+307,0.5,9.91E+307,1.468708
33,3.3,9.91E+307,9.91E+307,0.5,9.91E+307,1.469492
34,3.3,9.91E+307,9.91E+307,0.5,9.91E+307,1.469696
35,3.3,9.91E+307,9.91E+307,0.5,9.91E+307,1.472262
36,3.3,9.91E+307,9.91E+307,0.5,9.91E+307,1.469584
37,3.3,9.91E+307,9.91E+307,0.5,9.91E+307,1.470654
38,3.3,9.91E+307,9.91E+307,0.5,9.91E+307,1.468846
39,3.3,9.91E+307,9.91E+307,0.5,9.91E+307,1.46892
40,3.3,9.91E+307,9.91E+307,0.5,9.91E+307,1.463934
41,3.3,9.91E+307,9.91E+307,0.5,9.91E+307,1.465174
42,3.3,9.91E+307,9.91E+307,0.5,9.91E+307,1.465956
43,3.3,9.91E+307,9.91E+307,0.5,9.91E+307,1.460242
44,3.3,9.91E+307,9.91E+307,0.5,9.91E+307,1.468968
45,3.3,9.91E+307,9.91E+307,0.5,9.91E+307,1.460884
46,3.3,9.91E+307,9.91E+307,0.5,9.91E+307,1.463438
47,3.3,9.91E+307,9.91E+307,0.5,9.91E+307,1.467836
48,3.3,9.91E+307,9.91E+307,0.5,9.91E+307,1.459854
49,3.3,9.91E+307,9.91E+307,0.5,9.91E+307,1.460328
50,3.3,9.91E+307,9.91E+307,0.5,9.91E+307,1.462728
51,3.3,9.91E+307,9.91E+307,0.5,9.91E+307,1.45086
52,3.3,9.91E+307,9.91E+307,0.5,9.91E+307,1.466112
53,3.3,9.91E+307,9.91E+307,0.5,9.91E+307,1.464294
54,3.3,9.91E+307,9.91E+307,0.5,9.91E+307,1.465254
55,3.3,9.91E+307,9.91E+307,0.5,9.91E+307,1.46925
56,3.3,9.91E+307,9.91E+307,0.5,9.91E+307,1.469382
57,3.3,9.91E+307,9.91E+307,0.5,9.91E+307,1.466236
58,3.3,9.91E+307,9.91E+307,0.5,9.91E+307,1.468726
59,3.3,9.91E+307,9.91E+307,0.5,9.91E+307,1.470198
60,3.3,9.91E+307,9.91E+307,0.5,9.91E+307,1.47584
61,3.3,9.91E+307,9.91E+307,0.5,9.91E+307,1.473938
62,3.3,9.91E+307,9.91E+307,0.5,9.91E+307,1.472702
63,3.3,9.91E+307,9.91E+307,0.5,9.91E+307,1.471174
64,3.3,9.91E+307,9.91E+307,0.5,9.91E+307,1.472
65,3.3,9.91E+307,9.91E+307,0.5,9.91E+307,1.471704
66,3.3,9.91E+307,9.91E+307,0.5,9.91E+307,1.469302
67,3.3,9.91E+307,9.91E+307,0.5,9.91E+307,1.469834
68,3.3,9.91E+307,9.91E+307,0.5,9.91E+307,1.472394
69,3.3,9.91E+307,9.91E+307,0.5,9.91E+307,1.464886
70,3.3,9.91E+307,9.91E+307,0.5,9.91E+307,1.469386
71,3.3,9.91E+307,9.91E+307,0.5,9.91E+307,1.470546
72,3.3,9.91E+307,9.91E+307,0.5,9.91E+307,1.46672
73,3.3,9.91E+307,9.91E+307,0.5,9.91E+307,1.467118
74,3.3,9.91E+307,9.91E+307,0.5,9.91E+307,1.468922
75,3.3,9.91E+307,9.91E+307,0.5,9.91E+307,1.469936
76,3.3,9.91E+307,9.91E+307,0.5,9.91E+307,1.466018
77,3.3,9.91E+307,9.91E+307,0.5,9.91E+307,1.468386
78,3.3,9.91E+307,9.91E+307,0.5,9.91E+307,1.467314
79,3.3,9.91E+307,9.91E+307,0.5,9.91E+307,1.469142
80,3.3,9.91E+307,9.91E+307,0.5,9.91E+307,1.471556
81,3.3,9.91E+307,9.91E+307,0.5,9.91E+307,1.470248
82,3.3,9.91E+307,9.91E+307,0.5,9.91E+307,1.473254
83,3.3,9.91E+307,9.91E+307,0.5,9.91E+307,1.4718
84,3.3,9.91E+307,9.91E+307,0.5,9.91E+307,1.473828
85,3.3,9.91E+307,9.91E+307,0.5,9.91E+307,1.46762
86,3.3,9.91E+307,9.91E+307,0.5,9.91E+307,1.46693
87,3.3,9.91E+307,9.91E+307,0.5,9.91E+307,1.463078
88,3.3,9.91E+307,9.91E+307,0.5,9.91E+307,1.46215
89,3.3,9.91E+307,9.91E+307,0.5,9.91E+307,1.465582
90,3.3,9.91E+307,9.91E+307,0.5,9.91E+307,1.468414
91,3.3,9.91E+307,9.91E+307,0.5,9.91E+307,1.469034
92,3.3,9.91E+307,9.91E+307,0.5,9.91E+307,1.467692
93,3.3,9.91E+307,9.91E+307,0.5,9.91E+307,1.473102
94,3.3,9.91E+307,9.91E+307,0.5,9.91E+307,1.474424
95,3.3,9.91E+307,9.91E+307,0.5,9.91E+307,1.47259
96,3.3,9.91E+307,9.91E+307,0.5,9.91E+307,1.475626
97,3.3,9.91E+307,9.91E+307,0.5,9.91E+307,1.466232
98,3.3,9.91E+307,9.91E+307,0.5,9.91E+307,1.465764
99,3.3,9.91E+307,9.91E+307,0.5,9.91E+307,1.462206
100,3.3,9.91E+307,9.91E+307,0.5,9.91E+307,1.467524
101,3.3,9.91E+307,9.91E+307,0.5,9.91E+307,1.46674
102,3.3,9.91E+307,9.91E+307,0.5,9.91E+307,1.461134
103,3.3,9.91E+307,9.91E+307,0.5,9.91E+307,1.466628
104,3.3,9.91E+307,9.91E+307,0.5,9.91E+307,1.465698
105,3.3,9.91E+307,9.91E+307,0.5,9.91E+307,1.466572
106,3.3,9.91E+307,9.91E+307,0.5,9.91E+307,1.460948
107,3.3,9.91E+307,9.91E+307,0.5,9.91E+307,1.467392
108,3.3,9.91E+307,9.91E+307,0.5,9.91E+307,1.465506
109,3.3,9.91E+307,9.91E+307,0.5,9.91E+307,1.463406
110,3.3,9.91E+307,9.91E+307,0.5,9.91E+307,1.46536
111,3.3,9.91E+307,9.91E+307,0.5,9.91E+307,1.467902
112,3.3,9.91E+307,9.91E+307,0.5,9.91E+307,1.460222
113,3.3,9.91E+307,9.91E+307,0.5,9.91E+307,1.46728
114,3.3,9.91E+307,9.91E+307,0.5,9.91E+307,1.459216
115,3.3,9.91E+307,9.91E+307,0.5,9.91E+307,1.462302
116,3.3,9.91E+307,9.91E+307,0.5,9.91E+307,1.467892
117,3.3,9.91E+307,9.91E+307,0.5,9.91E+307,1.456034
118,3.3,9.91E+307,9.91E+307,0.5,9.91E+307,1.462076
119,3.3,9.91E+307,9.91E+307,0.5,9.91E+307,1.46677
120,3.3,9.91E+307,9.91E+307,0.5,9.91E+307,1.476116
121,3.3,9.91E+307,9.91E+307,0.5,9.91E+307,1.469784
122,3.3,9.91E+307,9.91E+307,0.5,9.91E+307,1.457996
123,3.3,9.91E+307,9.91E+307,0.5,9.91E+307,1.465226
124,3.3,9.91E+307,9.91E+307,0.5,9.91E+307,1.47086
125,3.3,9.91E+307,9.91E+307,0.5,9.91E+307,1.465932
126,3.3,9.91E+307,9.91E+307,0.5,9.91E+307,1.46885
127,3.3,9.91E+307,9.91E+307,0.5,9.91E+307,1.468264
128,3.3,9.91E+307,9.91E+307,0.5,9.91E+307,1.465422
129,3.3,9.91E+307,9.91E+307,0.5,9.91E+307,1.474232
130,3.3,9.91E+307,9.91E+307,0.5,9.91E+307,1.463592
131,3.3,9.91E+307,9.91E+307,0.5,9.91E+307,1.465734
132,3.3,9.91E+307,9.91E+307,0.5,9.91E+307,1.470064
133,3.3,9.91E+307,9.91E+307,0.5,9.91E+307,1.462446
134,3.3,9.91E+307,9.91E+307,0.5,9.91E+307,1.462728
135,3.3,9.91E+307,9.91E+307,0.5,9.91E+307,1.466142
136,3.3,9.91E+307,9.91E+307,0.5,9.91E+307,1.465158
137,3.3,9.91E+307,9.91E+307,0.5,9.91E+307,1.46335
138,3.3,9.91E+307,9.91E+307,0.5,9.91E+307,1.463688
139,3.3,9.91E+307,9.91E+307,0.5,9.91E+307,1.464438
140,3.3,9.91E+307,9.91E+307,0.5,9.91E+307,1.464206
141,3.3,9.91E+307,9.91E+307,0.5,9.91E+307,1.45693
142,3.3,9.91E+307,9.91E+307,0.5,9.91E+307,1.459608
143,3.3,9.91E+307,9.91E+307,0.5,9.91E+307,1.458688
144,3.3,9.91E+307,9.91E+307,0.5,9.91E+307,1.462824
145,3.3,9.91E+307,9.91E+307,0.5,9.91E+307,1.458296
146,3.3,9.91E+307,9.91E+307,0.5,9.91E+307,1.464394
147,3.3,9.91E+307,9.91E+307,0.5,9.91E+307,1.466078
148,3.3,9.91E+307,9.91E+307,0.5,9.91E+307,1.457118
149,3.3,9.91E+307,9.91E+307,0.5,9.91E+307,1.462008
150,3.3,9.91E+307,9.91E+307,0.5,9.91E+307,1.464742
151,3.3,9.91E+307,9.91E+307,0.5,9.91E+307,1.464638
152,3.3,9.91E+307,9.91E+307,0.5,9.91E+307,1.468974
153,3.3,9.91E+307,9.91E+307,0.5,9.91E+307,1.46262
154,3.3,9.91E+307,9.91E+307,0.5,9.91E+307,1.466194
155,3.3,9.91E+307,9.91E+307,0.5,9.91E+307,1.459106
156,3.3,9.91E+307,9.91E+307,0.5,9.91E+307,1.455504
157,3.3,9.91E+307,9.91E+307,0.5,9.91E+307,1.451608
158,3.3,9.91E+307,9.91E+307,0.5,9.91E+307,1.458246
159,3.3,9.91E+307,9.91E+307,0.5,9.91E+307,1.469408
160,3.3,9.91E+307,9.91E+307,0.5,9.91E+307,1.460654
161,3.3,9.91E+307,9.91E+307,0.5,9.91E+307,1.464784
162,3.3,9.91E+307,9.91E+307,0.5,9.91E+307,1.467584
163,3.3,9.91E+307,9.91E+307,0.5,9.91E+307,1.467782
164,3.3,9.91E+307,9.91E+307,0.5,9.91E+307,1.468714
165,3.3,9.91E+307,9.91E+307,0.5,9.91E+307,1.468276
166,3.3,9.91E+307,9.91E+307,0.5,9.91E+307,1.46983
167,3.3,9.91E+307,9.91E+307,0.5,9.91E+307,1.466592
168,3.3,9.91E+307,9.91E+307,0.5,9.91E+307,1.463754
169,3.3,9.91E+307,9.91E+307,0.5,9.91E+307,1.467216
170,3.3,9.91E+307,9.91E+307,0.5,9.91E+307,1.46989
171,3.3,9.91E+307,9.91E+307,0.5,9.91E+307,1.462582
172,3.3,9.91E+307,9.91E+307,0.5,9.91E+307,1.470104
173,3.3,9.91E+307,9.91E+307,0.5,9.91E+307,1.470664
174,3.3,9.91E+307,9.91E+307,0.5,9.91E+307,1.463368
175,3.3,9.91E+307,9.91E+307,0.5,9.91E+307,1.463274
176,3.3,9.91E+307,9.91E+307,0.5,9.91E+307,1.466302
177,3.3,9.91E+307,9.91E+307,0.5,9.91E+307,1.466816
178,3.3,9.91E+307,9.91E+307,0.5,9.91E+307,1.46875
179,3.3,9.91E+307,9.91E+307,0.5,9.91E+307,1.459144
180,3.3,9.91E+307,9.91E+307,0.5,9.91E+307,1.462954
181,3.3,9.91E+307,9.91E+307,0.5,9.91E+307,1.46126
182,3.3,9.91E+307,9.91E+307,0.5,9.91E+307,1.462822
183,3.3,9.91E+307,9.91E+307,0.5,9.91E+307,1.461652
184,3.3,9.91E+307,9.91E+307,0.5,9.91E+307,1.466552
185,3.3,9.91E+307,9.91E+307,0.5,9.91E+307,1.470902
186,3.3,9.91E+307,9.91E+307,0.5,9.91E+307,1.472084
187,3.3,9.91E+307,9.91E+307,0.5,9.91E+307,1.465518
188,3.3,9.91E+307,9.91E+307,0.5,9.91E+307,1.467508
189,3.3,9.91E+307,9.91E+307,0.5,9.91E+307,1.466076
190,3.3,9.91E+307,9.91E+307,0.5,9.91E+307,1.472316
191,3.3,9.91E+307,9.91E+307,0.5,9.91E+307,1.467454
192,3.3,9.91E+307,9.91E+307,0.5,9.91E+307,1.46503
193,3.3,9.91E+307,9.91E+307,0.5,9.91E+307,1.462538
194,3.3,9.91E+307,9.91E+307,0.5,9.91E+307,1.455708
195,3.3,9.91E+307,9.91E+307,0.5,9.91E+307,1.459616
196,3.3,9.91E+307,9.91E+307,0.5,9.91E+307,1.45432
197,3.3,9.91E+307,9.91E+307,0.5,9.91E+307,1.448464
198,3.3,9.91E+307,9.91E+307,0.5,9.91E+307,1.460016
199,3.3,9.91E+307,9.91E+307,0.5,9.91E+307,1.454156
200,3.3,9.91E+307,9.91E+307,0.5,9.91E+307,1.464796
201,3.3,9.91E+307,9.91E+307,0.5,9.91E+307,1.477998
202,3.3,9.91E+307,9.91E+307,0.5,9.91E+307,1.483288
203,3.3,9.91E+307,9.91E+307,0.5,9.91E+307,1.484696
204,3.3,9.91E+307,9.91E+307,0.5,9.91E+307,1.480152
205,3.3,9.91E+307,9.91E+307,0.5,9.91E+307,1.469678
206,3.3,9.91E+307,9.91E+307,0.5,9.91E+307,1.480724
207,3.3,9.91E+307,9.91E+307,0.5,9.91E+307,1.48101
208,3.3,9.91E+307,9.91E+307,0.5,9.91E+307,1.46796
209,3.3,9.91E+307,9.91E+307,0.5,9.91E+307,1.474466
210,3.3,9.91E+307,9.91E+307,0.5,9.91E+307,1.468214
211,3.3,9.91E+307,9.91E+307,0.5,9.91E+307,1.467098
212,3.3,9.91E+307,9.91E+307,0.5,9.91E+307,1.464046
213,3.3,9.91E+307,9.91E+307,0.5,9.91E+307,1.472982
214,3.3,9.91E+307,9.91E+307,0.5,9.91E+307,1.464168
215,3.3,9.91E+307,9.91E+307,0.5,9.91E+307,1.46387
216,3.3,9.91E+307,9.91E+307,0.5,9.91E+307,1.463822
217,3.3,9.91E+307,9.91E+307,0.5,9.91E+307,1.475796
218,3.3,9.91E+307,9.91E+307,0.5,9.91E+307,1.470738
219,3.3,9.91E+307,9.91E+307,0.5,9.91E+307,1.465264
220,3.3,9.91E+307,9.91E+307,0.5,9.91E+307,1.46495
221,3.3,9.91E+307,9.91E+307,0.5,9.91E+307,1.464596
222,3.3,9.91E+307,9.91E+307,0.5,9.91E+307,1.469658
223,3.3,9.91E+307,9.91E+307,0.5,9.91E+307,1.469274
224,3.3,9.91E+307,9.91E+307,0.5,9.91E+307,1.477058
225,3.3,9.91E+307,9.91E+307,0.5,9.91E+307,1.47048
226,3.3,9.91E+307,9.91E+307,0.5,9.91E+307,1.464678
227,3.3,9.91E+307,9.91E+307,0.5,9.91E+307,1.468384
228,3.3,9.91E+307,9.91E+307,0.5,9.91E+307,1.466486
229,3.3,9.91E+307,9.91E+307,0.5,9.91E+307,1.46594
230,3.3,9.91E+307,9.91E+307,0.5,9.91E+307,1.465444
231,3.3,9.91E+307,9.91E+307,0.5,9.91E+307,1.464662
232,3.3,9.91E+307,9.91E+307,0.5,9.91E+307,1.469234
233,3.3,9.91E+307,9.91E+307,0.5,9.91E+307,1.468056
234,3.3,9.91E+307,9.91E+307,0.5,9.91E+307,1.465686
235,3.3,9.91E+307,9.91E+307,0.5,9.91E+307,1.465794
236,3.3,9.91E+307,9.91E+307,0.5,9.91E+307,1.471596
237,3.3,9.91E+307,9.91E+307,0.5,9.91E+307,1.468064
238,3.3,9.91E+307,9.91E+307,0.5,9.91E+307,1.474058
239,3.3,9.91E+307,9.91E+307,0.5,9.91E+307,1.471896
240,3.3,9.91E+307,9.91E+307,0.5,9.91E+307,1.474724
241,3.3,9.91E+307,9.91E+307,0.5,9.91E+307,1.47514
242,3.3,9.91E+307,9.91E+307,0.5,9.91E+307,1.476522
243,3.3,9.91E+307,9.91E+307,0.5,9.91E+307,1.47352
244,3.3,9.91E+307,9.91E+307,0.5,9.91E+307,1.471296
245,3.3,9.91E+307,9.91E+307,0.5,9.91E+307,1.467574
246,3.3,9.91E+307,9.91E+307,0.5,9.91E+307,1.468928
247,3.3,9.91E+307,9.91E+307,0.5,9.91E+307,1.482474
248,3.3,9.91E+307,9.91E+307,0.5,9.91E+307,1.477552
249,3.3,9.91E+307,9.91E+307,0.5,9.91E+307,1.468906
250,3.3,9.91E+307,9.91E+307,0.5,9.91E+307,1.468252
251,3.3,9.91E+307,9.91E+307,0.5,9.91E+307,1.468904
252,3.3,9.91E+307,9.91E+307,0.5,9.91E+307,1.47139
253,3.3,9.91E+307,9.91E+307,0.5,9.91E+307,1.471392
254,3.3,9.91E+307,9.91E+307,0.5,9.91E+307,1.471468
255,3.3,9.91E+307,9.91E+307,0.5,9.91E+307,1.471428
256,3.3,9.91E+307,9.91E+307,0.5,9.91E+307,1.474674
257,3.3,9.91E+307,9.91E+307,0.5,9.91E+307,1.47654
258,3.3,9.91E+307,9.91E+307,0.5,9.91E+307,1.470554
259,3.3,9.91E+307,9.91E+307,0.5,9.91E+307,1.466724
260,3.3,9.91E+307,9.91E+307,0.5,9.91E+307,1.474134
261,3.3,9.91E+307,9.91E+307,0.5,9.91E+307,1.462818
262,3.3,9.91E+307,9.91E+307,0.5,9.91E+307,1.47584
263,3.3,9.91E+307,9.91E+307,0.5,9.91E+307,1.466748
264,3.3,9.91E+307,9.91E+307,0.5,9.91E+307,1.47525
265,3.3,9.91E+307,9.91E+307,0.5,9.91E+307,1.468148
266,3.3,9.91E+307,9.91E+307,0.5,9.91E+307,1.469986
267,3.3,9.91E+307,9.91E+307,0.5,9.91E+307,1.46759
268,3.3,9.91E+307,9.91E+307,0.5,9.91E+307,1.474332
269,3.3,9.91E+307,9.91E+307,0.5,9.91E+307,1.46203
270,3.3,9.91E+307,9.91E+307,0.5,9.91E+307,1.480496
271,3.3,9.91E+307,9.91E+307,0.5,9.91E+307,1.473422
272,3.3,9.91E+307,9.91E+307,0.5,9.91E+307,1.474652
273,3.3,9.91E+307,9.91E+307,0.5,9.91E+307,1.4786
274,3.3,9.91E+307,9.91E+307,0.5,9.91E+307,1.479174
275,3.3,9.91E+307,9.91E+307,0.5,9.91E+307,1.469998
276,3.3,9.91E+307,9.91E+307,0.5,9.91E+307,1.480858
277,3.3,9.91E+307,9.91E+307,0.5,9.91E+307,1.468524
278,3.3,9.91E+307,9.91E+307,0.5,9.91E+307,1.466814
279,3.3,9.91E+307,9.91E+307,0.5,9.91E+307,1.47761
280,3.3,9.91E+307,9.91E+307,0.5,9.91E+307,1.47734
281,3.3,9.91E+307,9.91E+307,0.5,9.91E+307,1.47691
282,3.3,9.91E+307,9.91E+307,0.5,9.91E+307,1.474812
283,3.3,9.91E+307,9.91E+307,0.5,9.91E+307,1.479572
284,3.3,9.91E+307,9.91E+307,0.5,9.91E+307,1.478838
285,3.3,9.91E+307,9.91E+307,0.5,9.91E+307,1.477774
286,3.3,9.91E+307,9.91E+307,0.5,9.91E+307,1.475404
287,3.3,9.91E+307,9.91E+307,0.5,9.91E+307,1.470132
288,3.3,9.91E+307,9.91E+307,0.5,9.91E+307,1.472936
289,3.3,9.91E+307,9.91E+307,0.5,9.91E+307,1.468136
290,3.3,9.91E+307,9.91E+307,0.5,9.91E+307,1.469252
291,3.3,9.91E+307,9.91E+307,0.5,9.91E+307,1.469112
292,3.3,9.91E+307,9.91E+307,0.5,9.91E+307,1.472494
293,3.3,9.91E+307,9.91E+307,0.5,9.91E+307,1.47774
294,3.3,9.91E+307,9.91E+307,0.5,9.91E+307,1.472838
295,3.3,9.91E+307,9.91E+307,0.5,9.91E+307,1.471202
296,3.3,9.91E+307,9.91E+307,0.5,9.91E+307,1.471584
297,3.3,9.91E+307,9.91E+307,0.5,9.91E+307,1.467256
298,3.3,9.91E+307,9.91E+307,0.5,9.91E+307,1.47147
299,3.3,9.91E+307,9.91E+307,0.5,9.91E+307,1.466964
300,3.3,9.91E+307,9.91E+307,0.5,9.91E+307,1.477438
301,3.3,9.91E+307,9.91E+307,0.5,9.91E+307,1.475296
302,3.3,9.91E+307,9.91E+307,0.5,9.91E+307,1.480408
303,3.3,9.91E+307,9.91E+307,0.5,9.91E+307,1.478422
304,3.3,9.91E+307,9.91E+307,0.5,9.91E+307,1.470884
305,3.3,9.91E+307,9.91E+307,0.5,9.91E+307,1.46823
306,3.3,9.91E+307,9.91E+307,0.5,9.91E+307,1.476736
307,3.3,9.91E+307,9.91E+307,0.5,9.91E+307,1.477488
308,3.3,9.91E+307,9.91E+307,0.5,9.91E+307,1.473086
309,3.3,9.91E+307,9.91E+307,0.5,9.91E+307,1.474264
310,3.3,9.91E+307,9.91E+307,0.5,9.91E+307,1.46739
311,3.3,9.91E+307,9.91E+307,0.5,9.91E+307,1.48306
312,3.3,9.91E+307,9.91E+307,0.5,9.91E+307,1.4766
313,3.3,9.91E+307,9.91E+307,0.5,9.91E+307,1.469382
314,3.3,9.91E+307,9.91E+307,0.5,9.91E+307,1.474966
315,3.3,9.91E+307,9.91E+307,0.5,9.91E+307,1.46497
316,3.3,9.91E+307,9.91E+307,0.5,9.91E+307,1.46524
317,3.3,9.91E+307,9.91E+307,0.5,9.91E+307,1.479472
318,3.3,9.91E+307,9.91E+307,0.5,9.91E+307,1.471108
319,3.3,9.91E+307,9.91E+307,0.5,9.91E+307,1.475804
320,3.3,9.91E+307,9.91E+307,0.5,9.91E+307,1.468156
321,3.3,9.91E+307,9.91E+307,0.5,9.91E+307,1.470864
322,3.3,9.91E+307,9.91E+307,0.5,9.91E+307,1.478724
323,3.3,9.91E+307,9.91E+307,0.5,9.91E+307,1.475606
324,3.3,9.91E+307,9.91E+307,0.5,9.91E+307,1.46864
325,3.3,9.91E+307,9.91E+307,0.5,9.91E+307,1.470346
326,3.3,9.91E+307,9.91E+307,0.5,9.91E+307,1.47437
327,3.3,9.91E+307,9.91E+307,0.5,9.91E+307,1.467794
328,3.3,9.91E+307,9.91E+307,0.5,9.91E+307,1.476214
329,3.3,9.91E+307,9.91E+307,0.5,9.91E+307,1.474292
330,3.3,9.91E+307,9.91E+307,0.5,9.91E+307,1.476484
331,3.3,9.91E+307,9.91E+307,0.5,9.91E+307,1.475514
332,3.3,9.91E+307,9.91E+307,0.5,9.91E+307,1.481296
333,3.3,9.91E+307,9.91E+307,0.5,9.91E+307,1.472486
334,3.3,9.91E+307,9.91E+307,0.5,9.91E+307,1.473286
335,3.3,9.91E+307,9.91E+307,0.5,9.91E+307,1.470056
336,3.3,9.91E+307,9.91E+307,0.5,9.91E+307,1.471188
337,3.3,9.91E+307,9.91E+307,0.5,9.91E+307,1.468386
338,3.3,9.91E+307,9.91E+307,0.5,9.91E+307,1.469716
339,3.3,9.91E+307,9.91E+307,0.5,9.91E+307,1.47547
340,3.3,9.91E+307,9.91E+307,0.5,9.91E+307,1.472962
341,3.3,9.91E+307,9.91E+307,0.5,9.91E+307,1.467088
342,3.3,9.91E+307,9.91E+307,0.5,9.91E+307,1.474512
343,3.3,9.91E+307,9.91E+307,0.5,9.91E+307,1.475538
344,3.3,9.91E+307,9.91E+307,0.5,9.91E+307,1.467702
345,3.3,9.91E+307,9.91E+307,0.5,9.91E+307,1.472058
346,3.3,9.91E+307,9.91E+307,0.5,9.91E+307,1.471128
347,3.3,9.91E+307,9.91E+307,0.5,9.91E+307,1.473404
348,3.3,9.91E+307,9.91E+307,0.5,9.91E+307,1.469976
349,3.3,9.91E+307,9.91E+307,0.5,9.91E+307,1.474846
350,3.3,9.91E+307,9.91E+307,0.5,9.91E+307,1.46667
351,3.3,9.91E+307,9.91E+307,0.5,9.91E+307,1.466936
352,3.3,9.91E+307,9.91E+307,0.5,9.91E+307,1.473172
353,3.3,9.91E+307,9.91E+307,0.5,9.91E+307,1.469512
354,3.3,9.91E+307,9.91E+307,0.5,9.91E+307,1.47097
355,3.3,9.91E+307,9.91E+307,0.5,9.91E+307,1.477628
356,3.3,9.91E+307,9.91E+307,0.5,9.91E+307,1.474138
357,3.3,9.91E+307,9.91E+307,0.5,9.91E+307,1.479616
358,3.3,9.91E+307,9.91E+307,0.5,9.91E+307,1.47247
359,3.3,9.91E+307,9.91E+307,0.5,9.91E+307,1.466394
360,3.3,9.91E+307,9.91E+307,0.5,9.91E+307,1.47814
361,3.3,9.91E+307,9.91E+307,0.5,9.91E+307,1.471084
362,3.3,9.91E+307,9.91E+307,0.5,9.91E+307,1.476646
363,3.3,9.91E+307,9.91E+307,0.5,9.91E+307,1.470934
364,3.3,9.91E+307,9.91E+307,0.5,9.91E+307,1.470996
365,3.3,9.91E+307,9.91E+307,0.5,9.91E+307,1.475286
366,3.3,9.91E+307,9.91E+307,0.5,9.91E+307,1.477106
367,3.3,9.91E+307,9.91E+307,0.5,9.91E+307,1.479104
368,3.3,9.91E+307,9.91E+307,0.5,9.91E+307,1.469072
369,3.3,9.91E+307,9.91E+307,0.5,9.91E+307,1.47089
370,3.3,9.91E+307,9.91E+307,0.5,9.91E+307,1.481778
371,3.3,9.91E+307,9.91E+307,0.5,9.91E+307,1.47782
372,3.3,9.91E+307,9.91E+307,0.5,9.91E+307,1.486912
373,3.3,9.91E+307,9.91E+307,0.5,9.91E+307,1.473196
374,3.3,9.91E+307,9.91E+307,0.5,9.91E+307,1.468328
375,3.3,9.91E+307,9.91E+307,0.5,9.91E+307,1.478466
376,3.3,9.91E+307,9.91E+307,0.5,9.91E+307,1.473026
377,3.3,9.91E+307,9.91E+307,0.5,9.91E+307,1.46998
378,3.3,9.91E+307,9.91E+307,0.5,9.91E+307,1.476488
379,3.3,9.91E+307,9.91E+307,0.5,9.91E+307,1.471442
380,3.3,9.91E+307,9.91E+307,0.5,9.91E+307,1.475228
381,3.3,9.91E+307,9.91E+307,0.5,9.91E+307,1.479324
382,3.3,9.91E+307,9.91E+307,0.5,9.91E+307,1.473096
383,3.3,9.91E+307,9.91E+307,0.5,9.91E+307,1.48001
384,3.3,9.91E+307,9.91E+307,0.5,9.91E+307,1.47329
385,3.3,9.91E+307,9.91E+307,0.5,9.91E+307,1.47546
386,3.3,9.91E+307,9.91E+307,0.5,9.91E+307,1.473398
387,3.3,9.91E+307,9.91E+307,0.5,9.91E+307,1.472472
388,3.3,9.91E+307,9.91E+307,0.5,9.91E+307,1.471772
389,3.3,9.91E+307,9.91E+307,0.5,9.91E+307,1.469544
390,3.3,9.91E+307,9.91E+307,0.5,9.91E+307,1.471386
391,3.3,9.91E+307,9.91E+307,0.5,9.91E+307,1.475984
392,3.3,9.91E+307,9.91E+307,0.5,9.91E+307,1.471332
393,3.3,9.91E+307,9.91E+307,0.5,9.91E+307,1.471706
394,3.3,9.91E+307,9.91E+307,0.5,9.91E+307,1.469112
395,3.3,9.91E+307,9.91E+307,0.5,9.91E+307,1.475152
396,3.3,9.91E+307,9.91E+307,0.5,9.91E+307,1.474658
397,3.3,9.91E+307,9.91E+307,0.5,9.91E+307,1.481652
398,3.3,9.91E+307,9.91E+307,0.5,9.91E+307,1.466562
399,3.3,9.91E+307,9.91E+307,0.5,9.91E+307,1.47445
400,3.3,9.91E+307,9.91E+307,0.5,9.91E+307,1.476238
401,3.3,9.91E+307,9.91E+307,0.5,9.91E+307,1.481492
402,3.3,9.91E+307,9.91E+307,0.5,9.91E+307,1.475444
403,3.3,9.91E+307,9.91E+307,0.5,9.91E+307,1.475234
404,3.3,9.91E+307,9.91E+307,0.5,9.91E+307,1.476978
405,3.3,9.91E+307,9.91E+307,0.5,9.91E+307,1.472378
406,3.3,9.91E+307,9.91E+307,0.5,9.91E+307,1.473048
407,3.3,9.91E+307,9.91E+307,0.5,9.91E+307,1.470102
408,3.3,9.91E+307,9.91E+307,0.5,9.91E+307,1.478344
409,3.3,9.91E+307,9.91E+307,0.5,9.91E+307,1.485514
410,3.3,9.91E+307,9.91E+307,0.5,9.91E+307,1.472424
411,3.3,9.91E+307,9.91E+307,0.5,9.91E+307,1.474922
412,3.3,9.91E+307,9.91E+307,0.5,9.91E+307,1.468454
413,3.3,9.91E+307,9.91E+307,0.5,9.91E+307,1.472158
414,3.3,9.91E+307,9.91E+307,0.5,9.91E+307,1.476544
415,3.3,9.91E+307,9.91E+307,0.5,9.91E+307,1.475058
416,3.3,9.91E+307,9.91E+307,0.5,9.91E+307,1.473814
417,3.3,9.91E+307,9.91E+307,0.5,9.91E+307,1.47113
418,3.3,9.91E+307,9.91E+307,0.5,9.91E+307,1.465686
419,3.3,9.91E+307,9.91E+307,0.5,9.91E+307,1.465818
420,3.3,9.91E+307,9.91E+307,0.5,9.91E+307,1.469266
421,3.3,9.91E+307,9.91E+307,0.5,9.91E+307,1.473742
422,3.3,9.91E+307,9.91E+307,0.5,9.91E+307,1.476774
423,3.3,9.91E+307,9.91E+307,0.5,9.91E+307,1.47114
424,3.3,9.91E+307,9.91E+307,0.5,9.91E+307,1.475716
425,3.3,9.91E+307,9.91E+307,0.5,9.91E+307,1.471024
426,3.3,9.91E+307,9.91E+307,0.5,9.91E+307,1.47174
427,3.3,9.91E+307,9.91E+307,0.5,9.91E+307,1.472086
428,3.3,9.91E+307,9.91E+307,0.5,9.91E+307,1.471364
429,3.3,9.91E+307,9.91E+307,0.5,9.91E+307,1.473166
430,3.3,9.91E+307,9.91E+307,0.5,9.91E+307,1.466042
431,3.3,9.91E+307,9.91E+307,0.5,9.91E+307,1.466548
432,3.3,9.91E+307,9.91E+307,0.5,9.91E+307,1.470604
433,3.3,9.91E+307,9.91E+307,0.5,9.91E+307,1.475724
434,3.3,9.91E+307,9.91E+307,0.5,9.91E+307,1.471454
435,3.3,9.91E+307,9.91E+307,0.5,9.91E+307,1.468486
436,3.3,9.91E+307,9.91E+307,0.5,9.91E+307,1.475068
437,3.3,9.91E+307,9.91E+307,0.5,9.91E+307,1.473588
438,3.3,9.91E+307,9.91E+307,0.5,9.91E+307,1.47951
439,3.3,9.91E+307,9.91E+307,0.5,9.91E+307,1.476064
440,3.3,9.91E+307,9.91E+307,0.5,9.91E+307,1.471422
441,3.3,9.91E+307,9.91E+307,0.5,9.91E+307,1.470288
442,3.3,9.91E+307,9.91E+307,0.5,9.91E+307,1.469782
443,3.3,9.91E+307,9.91E+307,0.5,9.91E+307,1.465288
444,3.3,9.91E+307,9.91E+307,0.5,9.91E+307,1.468416
445,3.3,9.91E+307,9.91E+307,0.5,9.91E+307,1.470664
446,3.3,9.91E+307,9.91E+307,0.5,9.91E+307,1.47038
447,3.3,9.91E+307,9.91E+307,0.5,9.91E+307,1.4695
448,3.3,9.91E+307,9.91E+307,0.5,9.91E+307,1.471936
449,3.3,9.91E+307,9.91E+307,0.5,9.91E+307,1.477326
450,3.3,9.91E+307,9.91E+307,0.5,9.91E+307,1.46726
451,3.3,9.91E+307,9.91E+307,0.5,9.91E+307,1.471974
452,3.3,9.91E+307,9.91E+307,0.5,9.91E+307,1.47541
453,3.3,9.91E+307,9.91E+307,0.5,9.91E+307,1.470726
454,3.3,9.91E+307,9.91E+307,0.5,9.91E+307,1.471092
455,3.3,9.91E+307,9.91E+307,0.5,9.91E+307,1.471674
456,3.3,9.91E+307,9.91E+307,0.5,9.91E+307,1.472142
457,3.3,9.91E+307,9.91E+307,0.5,9.91E+307,1.47187
458,3.3,9.91E+307,9.91E+307,0.5,9.91E+307,1.47693
459,3.3,9.91E+307,9.91E+307,0.5,9.91E+307,1.475482
460,3.3,9.91E+307,9.91E+307,0.5,9.91E+307,1.472906
461,3.3,9.91E+307,9.91E+307,0.5,9.91E+307,1.476516
462,3.3,9.91E+307,9.91E+307,0.5,9.91E+307,1.47938
463,3.3,9.91E+307,9.91E+307,0.5,9.91E+307,1.476918
464,3.3,9.91E+307,9.91E+307,0.5,9.91E+307,1.475544
465,3.3,9.91E+307,9.91E+307,0.5,9.91E+307,1.477208
466,3.3,9.91E+307,9.91E+307,0.5,9.91E+307,1.476908
467,3.3,9.91E+307,9.91E+307,0.5,9.91E+307,1.47983
468,3.3,9.91E+307,9.91E+307,0.5,9.91E+307,1.486726
469,3.3,9.91E+307,9.91E+307,0.5,9.91E+307,1.48379
470,3.3,9.91E+307,9.91E+307,0.5,9.91E+307,1.48363
471,3.3,9.91E+307,9.91E+307,0.5,9.91E+307,1.485624
472,3.3,9.91E+307,9.91E+307,0.5,9.91E+307,1.476806
473,3.3,9.91E+307,9.91E+307,0.5,9.91E+307,1.489444
474,3.3,9.91E+307,9.91E+307,0.5,9.91E+307,1.491004
475,3.3,9.91E+307,9.91E+307,0.5,9.91E+307,1.48336
476,3.3,9.91E+307,9.91E+307,0.5,9.91E+307,1.48139
477,3.3,9.91E+307,9.91E+307,0.5,9.91E+307,1.481484
478,3.3,9.91E+307,9.91E+307,0.5,9.91E+307,1.48156
479,3.3,9.91E+307,9.91E+307,0.5,9.91E+307,1.477442
480,3.3,9.91E+307,9.91E+307,0.5,9.91E+307,1.47937
481,3.3,9.91E+307,9.91E+307,0.5,9.91E+307,1.476636
482,3.3,9.91E+307,9.91E+307,0.5,9.91E+307,1.47755
483,3.3,9.91E+307,9.91E+307,0.5,9.91E+307,1.472604
484,3.3,9.91E+307,9.91E+307,0.5,9.91E+307,1.482822
485,3.3,9.91E+307,9.91E+307,0.5,9.91E+307,1.477042
486,3.3,9.91E+307,9.91E+307,0.5,9.91E+307,1.47833
487,3.3,9.91E+307,9.91E+307,0.5,9.91E+307,1.477074
488,3.3,9.91E+307,9.91E+307,0.5,9.91E+307,1.48029
489,3.3,9.91E+307,9.91E+307,0.5,9.91E+307,1.469464
490,3.3,9.91E+307,9.91E+307,0.5,9.91E+307,1.47858
491,3.3,9.91E+307,9.91E+307,0.5,9.91E+307,1.47309
492,3.3,9.91E+307,9.91E+307,0.5,9.91E+307,1.46981
493,3.3,9.91E+307,9.91E+307,0.5,9.91E+307,1.477946
494,3.3,9.91E+307,9.91E+307,0.5,9.91E+307,1.473384
495,3.3,9.91E+307,9.91E+307,0.5,9.91E+307,1.47739
496,3.3,9.91E+307,9.91E+307,0.5,9.91E+307,1.474684
497,3.3,9.91E+307,9.91E+307,0.5,9.91E+307,1.473468
498,3.3,9.91E+307,9.91E+307,0.5,9.91E+307,1.476046
499,3.3,9.91E+307,9.91E+307,0.5,9.91E+307,1.47431
500,3.3,9.91E+307,9.91E+307,0.5,9.91E+307,1.478652
501,3.3,9.91E+307,9.91E+307,0.5,9.91E+307,1.477162
502,3.3,9.91E+307,9.91E+307,0.5,9.91E+307,1.475556
503,3.3,9.91E+307,9.91E+307,0.5,9.91E+307,1.475396
504,3.3,9.91E+307,9.91E+307,0.5,9.91E+307,1.47307
505,3.3,9.91E+307,9.91E+307,0.5,9.91E+307,1.47072
506,3.3,9.91E+307,9.91E+307,0.5,9.91E+307,1.476138
507,3.3,9.91E+307,9.91E+307,0.5,9.91E+307,1.47437
508,3.3,9.91E+307,9.91E+307,0.5,9.91E+307,1.482066
509,3.3,9.91E+307,9.91E+307,0.5,9.91E+307,1.476056
510,3.3,9.91E+307,9.91E+307,0.5,9.91E+307,1.47336
511,3.3,9.91E+307,9.91E+307,0.5,9.91E+307,1.478976
512,3.3,9.91E+307,9.91E+307,0.5,9.91E+307,1.473682
513,3.3,9.91E+307,9.91E+307,0.5,9.91E+307,1.47221
514,3.3,9.91E+307,9.91E+307,0.5,9.91E+307,1.477866
515,3.3,9.91E+307,9.91E+307,0.5,9.91E+307,1.471044
516,3.3,9.91E+307,9.91E+307,0.5,9.91E+307,1.47322
517,3.3,9.91E+307,9.91E+307,0.5,9.91E+307,1.480138
518,3.3,9.91E+307,9.91E+307,0.5,9.91E+307,1.475496
519,3.3,9.91E+307,9.91E+307,0.5,9.91E+307,1.47913
520,3.3,9.91E+307,9.91E+307,0.5,9.91E+307,1.470586
521,3.3,9.91E+307,9.91E+307,0.5,9.91E+307,1.471886
522,3.3,9.91E+307,9.91E+307,0.5,9.91E+307,1.476782
523,3.3,9.91E+307,9.91E+307,0.5,9.91E+307,1.475684
524,3.3,9.91E+307,9.91E+307,0.5,9.91E+307,1.476332
525,3.3,9.91E+307,9.91E+307,0.5,9.91E+307,1.477178
526,3.3,9.91E+307,9.91E+307,0.5,9.91E+307,1.47676
527,3.3,9.91E+307,9.91E+307,0.5,9.91E+307,1.474292
528,3.3,9.91E+307,9.91E+307,0.5,9.91E+307,1.470074
529,3.3,9.91E+307,9.91E+307,0.5,9.91E+307,1.47069
530,3.3,9.91E+307,9.91E+307,0.5,9.91E+307,1.477304
531,3.3,9.91E+307,9.91E+307,0.5,9.91E+307,1.472704
532,3.3,9.91E+307,9.91E+307,0.5,9.91E+307,1.474508
533,3.3,9.91E+307,9.91E+307,0.5,9.91E+307,1.476356
534,3.3,9.91E+307,9.91E+307,0.5,9.91E+307,1.478392
535,3.3,9.91E+307,9.91E+307,0.5,9.91E+307,1.479422
536,3.3,9.91E+307,9.91E+307,0.5,9.91E+307,1.479184
537,3.3,9.91E+307,9.91E+307,0.5,9.91E+307,1.468536
538,3.3,9.91E+307,9.91E+307,0.5,9.91E+307,1.477192
539,3.3,9.91E+307,9.91E+307,0.5,9.91E+307,1.477614
540,3.3,9.91E+307,9.91E+307,0.5,9.91E+307,1.480756
541,3.3,9.91E+307,9.91E+307,0.5,9.91E+307,1.472706
542,3.3,9.91E+307,9.91E+307,0.5,9.91E+307,1.468906
543,3.3,9.91E+307,9.91E+307,0.5,9.91E+307,1.469834
544,3.3,9.91E+307,9.91E+307,0.5,9.91E+307,1.473828
545,3.3,9.91E+307,9.91E+307,0.5,9.91E+307,1.470898
546,3.3,9.91E+307,9.91E+307,0.5,9.91E+307,1.47455
547,3.3,9.91E+307,9.91E+307,0.5,9.91E+307,1.476316
548,3.3,9.91E+307,9.91E+307,0.5,9.91E+307,1.472606
549,3.3,9.91E+307,9.91E+307,0.5,9.91E+307,1.479048
550,3.3,9.91E+307,9.91E+307,0.5,9.91E+307,1.471256
551,3.3,9.91E+307,9.91E+307,0.5,9.91E+307,1.472508
552,3.3,9.91E+307,9.91E+307,0.5,9.91E+307,1.479566
553,3.3,9.91E+307,9.91E+307,0.5,9.91E+307,1.478974
554,3.3,9.91E+307,9.91E+307,0.5,9.91E+307,1.473856
555,3.3,9.91E+307,9.91E+307,0.5,9.91E+307,1.477494
556,3.3,9.91E+307,9.91E+307,0.5,9.91E+307,1.47698
557,3.3,9.91E+307,9.91E+307,0.5,9.91E+307,1.477402
558,3.3,9.91E+307,9.91E+307,0.5,9.91E+307,1.476578
559,3.3,9.91E+307,9.91E+307,0.5,9.91E+307,1.477158
560,3.3,9.91E+307,9.91E+307,0.5,9.91E+307,1.477546
561,3.3,9.91E+307,9.91E+307,0.5,9.91E+307,1.478456
562,3.3,9.91E+307,9.91E+307,0.5,9.91E+307,1.478372
563,3.3,9.91E+307,9.91E+307,0.5,9.91E+307,1.475848
564,3.3,9.91E+307,9.91E+307,0.5,9.91E+307,1.477754
565,3.3,9.91E+307,9.91E+307,0.5,9.91E+307,1.47369
566,3.3,9.91E+307,9.91E+307,0.5,9.91E+307,1.472988
567,3.3,9.91E+307,9.91E+307,0.5,9.91E+307,1.475224
568,3.3,9.91E+307,9.91E+307,0.5,9.91E+307,1.474532
569,3.3,9.91E+307,9.91E+307,0.5,9.91E+307,1.473324
570,3.3,9.91E+307,9.91E+307,0.5,9.91E+307,1.476764
571,3.3,9.91E+307,9.91E+307,0.5,9.91E+307,1.475944
572,3.3,9.91E+307,9.91E+307,0.5,9.91E+307,1.477164
573,3.3,9.91E+307,9.91E+307,0.5,9.91E+307,1.4756
574,3.3,9.91E+307,9.91E+307,0.5,9.91E+307,1.475232
575,3.3,9.91E+307,9.91E+307,0.5,9.91E+307,1.47777
576,3.3,9.91E+307,9.91E+307,0.5,9.91E+307,1.478238
577,3.3,9.91E+307,9.91E+307,0.5,9.91E+307,1.476342
578,3.3,9.91E+307,9.91E+307,0.5,9.91E+307,1.47833
579,3.3,9.91E+307,9.91E+307,0.5,9.91E+307,1.47869
580,3.3,9.91E+307,9.91E+307,0.5,9.91E+307,1.478658
581,3.3,9.91E+307,9.91E+307,0.5,9.91E+307,1.478136
582,3.3,9.91E+307,9.91E+307,0.5,9.91E+307,1.478874
583,3.3,9.91E+307,9.91E+307,0.5,9.91E+307,1.476508
584,3.3,9.91E+307,9.91E+307,0.5,9.91E+307,1.477796
585,3.3,9.91E+307,9.91E+307,0.5,9.91E+307,1.474454
586,3.3,9.91E+307,9.91E+307,0.5,9.91E+307,1.475654
587,3.3,9.91E+307,9.91E+307,0.5,9.91E+307,1.478414
588,3.3,9.91E+307,9.91E+307,0.5,9.91E+307,1.473526
589,3.3,9.91E+307,9.91E+307,0.5,9.91E+307,1.476798
590,3.3,9.91E+307,9.91E+307,0.5,9.91E+307,1.478216
591,3.3,9.91E+307,9.91E+307,0.5,9.91E+307,1.476954
592,3.3,9.91E+307,9.91E+307,0.5,9.91E+307,1.479406
593,3.3,9.91E+307,9.91E+307,0.5,9.91E+307,1.478314
594,3.3,9.91E+307,9.91E+307,0.5,9.91E+307,1.47569
595,3.3,9.91E+307,9.91E+307,0.5,9.91E+307,1.475334
596,3.3,9.91E+307,9.91E+307,0.5,9.91E+307,1.477078
597,3.3,9.91E+307,9.91E+307,0.5,9.91E+307,1.475904
598,3.3,9.91E+307,9.91E+307,0.5,9.91E+307,1.474272
599,3.3,9.91E+307,9.91E+307,0.5,9.91E+307,1.471334
600,3.3,9.91E+307,9.91E+307,0.5,9.91E+307,1.473216
601,3.3,9.91E+307,9.91E+307,0.5,9.91E+307,1.46809
602,3.3,9.91E+307,9.91E+307,0.5,9.91E+307,1.473088
603,3.3,9.91E+307,9.91E+307,0.5,9.91E+307,1.478704
604,3.3,9.91E+307,9.91E+307,0.5,9.91E+307,1.469956
605,3.3,9.91E+307,9.91E+307,0.5,9.91E+307,1.476478
606,3.3,9.91E+307,9.91E+307,0.5,9.91E+307,1.46918
607,3.3,9.91E+307,9.91E+307,0.5,9.91E+307,1.473654
608,3.3,9.91E+307,9.91E+307,0.5,9.91E+307,1.476326
609,3.3,9.91E+307,9.91E+307,0.5,9.91E+307,1.476252
610,3.3,9.91E+307,9.91E+307,0.5,9.91E+307,1.47292
611,3.3,9.91E+307,9.91E+307,0.5,9.91E+307,1.47266
612,3.3,9.91E+307,9.91E+307,0.5,9.91E+307,1.474168
613,3.3,9.91E+307,9.91E+307,0.5,9.91E+307,1.47536
614,3.3,9.91E+307,9.91E+307,0.5,9.91E+307,1.473108
615,3.3,9.91E+307,9.91E+307,0.5,9.91E+307,1.473744
616,3.3,9.91E+307,9.91E+307,0.5,9.91E+307,1.473236
617,3.3,9.91E+307,9.91E+307,0.5,9.91E+307,1.473758
618,3.3,9.91E+307,9.91E+307,0.5,9.91E+307,1.471272
619,3.3,9.91E+307,9.91E+307,0.5,9.91E+307,1.467426
620,3.3,9.91E+307,9.91E+307,0.5,9.91E+307,1.471
621,3.3,9.91E+307,9.91E+307,0.5,9.91E+307,1.472712
622,3.3,9.91E+307,9.91E+307,0.5,9.91E+307,1.470792
623,3.3,9.91E+307,9.91E+307,0.5,9.91E+307,1.470956
624,3.3,9.91E+307,9.91E+307,0.5,9.91E+307,1.468846
625,3.3,9.91E+307,9.91E+307,0.5,9.91E+307,1.468228
626,3.3,9.91E+307,9.91E+307,0.5,9.91E+307,1.473172
627,3.3,9.91E+307,9.91E+307,0.5,9.91E+307,1.468856
628,3.3,9.91E+307,9.91E+307,0.5,9.91E+307,1.471946
629,3.3,9.91E+307,9.91E+307,0.5,9.91E+307,1.467262
630,3.3,9.91E+307,9.91E+307,0.5,9.91E+307,1.46916
631,3.3,9.91E+307,9.91E+307,0.5,9.91E+307,1.471832
632,3.3,9.91E+307,9.91E+307,0.5,9.91E+307,1.470742
633,3.3,9.91E+307,9.91E+307,0.5,9.91E+307,1.472876
634,3.3,9.91E+307,9.91E+307,0.5,9.91E+307,1.473414
635,3.3,9.91E+307,9.91E+307,0.5,9.91E+307,1.458784
636,3.3,9.91E+307,9.91E+307,0.5,9.91E+307,1.466612
637,3.3,9.91E+307,9.91E+307,0.5,9.91E+307,1.475536
638,3.3,9.91E+307,9.91E+307,0.5,9.91E+307,1.47554
639,3.3,9.91E+307,9.91E+307,0.5,9.91E+307,1.47846
640,3.3,9.91E+307,9.91E+307,0.5,9.91E+307,1.473152
641,3.3,9.91E+307,9.91E+307,0.5,9.91E+307,1.467672
642,3.3,9.91E+307,9.91E+307,0.5,9.91E+307,1.475054
643,3.3,9.91E+307,9.91E+307,0.5,9.91E+307,1.469472
644,3.3,9.91E+307,9.91E+307,0.5,9.91E+307,1.470756
645,3.3,9.91E+307,9.91E+307,0.5,9.91E+307,1.46825
646,3.3,9.91E+307,9.91E+307,0.5,9.91E+307,1.472562
647,3.3,9.91E+307,9.91E+307,0.5,9.91E+307,1.46127
648,3.3,9.91E+307,9.91E+307,0.5,9.91E+307,1.463834
649,3.3,9.91E+307,9.91E+307,0.5,9.91E+307,1.473914
650,3.3,9.91E+307,9.91E+307,0.5,9.91E+307,1.471154
651,3.3,9.91E+307,9.91E+307,0.5,9.91E+307,1.475558
652,3.3,9.91E+307,9.91E+307,0.5,9.91E+307,1.477908
653,3.3,9.91E+307,9.91E+307,0.5,9.91E+307,1.47769
654,3.3,9.91E+307,9.91E+307,0.5,9.91E+307,1.47636
655,3.3,9.91E+307,9.91E+307,0.5,9.91E+307,1.476604
656,3.3,9.91E+307,9.91E+307,0.5,9.91E+307,1.47686
657,3.3,9.91E+307,9.91E+307,0.5,9.91E+307,1.47684
658,3.3,9.91E+307,9.91E+307,0.5,9.91E+307,1.476852
659,3.3,9.91E+307,9.91E+307,0.5,9.91E+307,1.477428
660,3.3,9.91E+307,9.91E+307,0.5,9.91E+307,1.477046
661,3.3,9.91E+307,9.91E+307,0.5,9.91E+307,1.476848
662,3.3,9.91E+307,9.91E+307,0.5,9.91E+307,1.477344
663,3.3,9.91E+307,9.91E+307,0.5,9.91E+307,1.476856
664,3.3,9.91E+307,9.91E+307,0.5,9.91E+307,1.47395
665,3.3,9.91E+307,9.91E+307,0.5,9.91E+307,1.475956
666,3.3,9.91E+307,9.91E+307,0.5,9.91E+307,1.475978
667,3.3,9.91E+307,9.91E+307,0.5,9.91E+307,1.474646
668,3.3,9.91E+307,9.91E+307,0.5,9.91E+307,1.473264
669,3.3,9.91E+307,9.91E+307,0.5,9.91E+307,1.473488
670,3.3,9.91E+307,9.91E+307,0.5,9.91E+307,1.474876
671,3.3,9.91E+307,9.91E+307,0.5,9.91E+307,1.470772
672,3.3,9.91E+307,9.91E+307,0.5,9.91E+307,1.474074
673,3.3,9.91E+307,9.91E+307,0.5,9.91E+307,1.471412
674,3.3,9.91E+307,9.91E+307,0.5,9.91E+307,1.471558
675,3.3,9.91E+307,9.91E+307,0.5,9.91E+307,1.472834
676,3.3,9.91E+307,9.91E+307,0.5,9.91E+307,1.471492
677,3.3,9.91E+307,9.91E+307,0.5,9.91E+307,1.475472
678,3.3,9.91E+307,9.91E+307,0.5,9.91E+307,1.474834
679,3.3,9.91E+307,9.91E+307,0.5,9.91E+307,1.469626
680,3.3,9.91E+307,9.91E+307,0.5,9.91E+307,1.476298
681,3.3,9.91E+307,9.91E+307,0.5,9.91E+307,1.471554
682,3.3,9.91E+307,9.91E+307,0.5,9.91E+307,1.476052
683,3.3,9.91E+307,9.91E+307,0.5,9.91E+307,1.474396
684,3.3,9.91E+307,9.91E+307,0.5,9.91E+307,1.472638
685,3.3,9.91E+307,9.91E+307,0.5,9.91E+307,1.472106
686,3.3,9.91E+307,9.91E+307,0.5,9.91E+307,1.476562
687,3.3,9.91E+307,9.91E+307,0.5,9.91E+307,1.474818
688,3.3,9.91E+307,9.91E+307,0.5,9.91E+307,1.472034
689,3.3,9.91E+307,9.91E+307,0.5,9.91E+307,1.475622
690,3.3,9.91E+307,9.91E+307,0.5,9.91E+307,1.47534
691,3.3,9.91E+307,9.91E+307,0.5,9.91E+307,1.480244
692,3.3,9.91E+307,9.91E+307,0.5,9.91E+307,1.4772
693,3.3,9.91E+307,9.91E+307,0.5,9.91E+307,1.472766
694,3.3,9.91E+307,9.91E+307,0.5,9.91E+307,1.47796
695,3.3,9.91E+307,9.91E+307,0.5,9.91E+307,1.475588
696,3.3,9.91E+307,9.91E+307,0.5,9.91E+307,1.469534
697,3.3,9.91E+307,9.91E+307,0.5,9.91E+307,1.473272
698,3.3,9.91E+307,9.91E+307,0.5,9.91E+307,1.47277
699,3.3,9.91E+307,9.91E+307,0.5,9.91E+307,1.469906
700,3.3,9.91E+307,9.91E+307,0.5,9.91E+307,1.474098
701,3.3,9.91E+307,9.91E+307,0.5,9.91E+307,1.473604
702,3.3,9.91E+307,9.91E+307,0.5,9.91E+307,1.471904
703,3.3,9.91E+307,9.91E+307,0.5,9.91E+307,1.477318
704,3.3,9.91E+307,9.91E+307,0.5,9.91E+307,1.472268
705,3.3,9.91E+307,9.91E+307,0.5,9.91E+307,1.472992
706,3.3,9.91E+307,9.91E+307,0.5,9.91E+307,1.472566
707,3.3,9.91E+307,9.91E+307,0.5,9.91E+307,1.471834
708,3.3,9.91E+307,9.91E+307,0.5,9.91E+307,1.47451
709,3.3,9.91E+307,9.91E+307,0.5,9.91E+307,1.472664
710,3.3,9.91E+307,9.91E+307,0.5,9.91E+307,1.470612
711,3.3,9.91E+307,9.91E+307,0.5,9.91E+307,1.47216
712,3.3,9.91E+307,9.91E+307,0.5,9.91E+307,1.466864
713,3.3,9.91E+307,9.91E+307,0.5,9.91E+307,1.469986
714,3.3,9.91E+307,9.91E+307,0.5,9.91E+307,1.473754
715,3.3,9.91E+307,9.91E+307,0.5,9.91E+307,1.472648
716,3.3,9.91E+307,9.91E+307,0.5,9.91E+307,1.47174
717,3.3,9.91E+307,9.91E+307,0.5,9.91E+307,1.476848
718,3.3,9.91E+307,9.91E+307,0.5,9.91E+307,1.472902
719,3.3,9.91E+307,9.91E+307,0.5,9.91E+307,1.471112
720,3.3,9.91E+307,9.91E+307,0.5,9.91E+307,1.467972
721,3.3,9.91E+307,9.91E+307,0.5,9.91E+307,1.473916
722,3.3,9.91E+307,9.91E+307,0.5,9.91E+307,1.470208
723,3.3,9.91E+307,9.91E+307,0.5,9.91E+307,1.468098
724,3.3,9.91E+307,9.91E+307,0.5,9.91E+307,1.472432
725,3.3,9.91E+307,9.91E+307,0.5,9.91E+307,1.472146
726,3.3,9.91E+307,9.91E+307,0.5,9.91E+307,1.474818
727,3.3,9.91E+307,9.91E+307,0.5,9.91E+307,1.470234
728,3.3,9.91E+307,9.91E+307,0.5,9.91E+307,1.472956
729,3.3,9.91E+307,9.91E+307,0.5,9.91E+307,1.471578
730,3.3,9.91E+307,9.91E+307,0.5,9.91E+307,1.474128
731,3.3,9.91E+307,9.91E+307,0.5,9.91E+307,1.474678
732,3.3,9.91E+307,9.91E+307,0.5,9.91E+307,1.471458
733,3.3,9.91E+307,9.91E+307,0.5,9.91E+307,1.471364
734,3.3,9.91E+307,9.91E+307,0.5,9.91E+307,1.469864
735,3.3,9.91E+307,9.91E+307,0.5,9.91E+307,1.476378
736,3.3,9.91E+307,9.91E+307,0.5,9.91E+307,1.470336
737,3.3,9.91E+307,9.91E+307,0.5,9.91E+307,1.468196
738,3.3,9.91E+307,9.91E+307,0.5,9.91E+307,1.474298
739,3.3,9.91E+307,9.91E+307,0.5,9.91E+307,1.474282
740,3.3,9.91E+307,9.91E+307,0.5,9.91E+307,1.468316
741,3.3,9.91E+307,9.91E+307,0.5,9.91E+307,1.47563
742,3.3,9.91E+307,9.91E+307,0.5,9.91E+307,1.464722
743,3.3,9.91E+307,9.91E+307,0.5,9.91E+307,1.474524
744,3.3,9.91E+307,9.91E+307,0.5,9.91E+307,1.474458
745,3.3,9.91E+307,9.91E+307,0.5,9.91E+307,1.470774
746,3.3,9.91E+307,9.91E+307,0.5,9.91E+307,1.477376
747,3.3,9.91E+307,9.91E+307,0.5,9.91E+307,1.474128
748,3.3,9.91E+307,9.91E+307,0.5,9.91E+307,1.472762
749,3.3,9.91E+307,9.91E+307,0.5,9.91E+307,1.476778
750,3.3,9.91E+307,9.91E+307,0.5,9.91E+307,1.468534
751,3.3,9.91E+307,9.91E+307,0.5,9.91E+307,1.471606
752,3.3,9.91E+307,9.91E+307,0.5,9.91E+307,1.477002
753,3.3,9.91E+307,9.91E+307,0.5,9.91E+307,1.467548
754,3.3,9.91E+307,9.91E+307,0.5,9.91E+307,1.47596
755,3.3,9.91E+307,9.91E+307,0.5,9.91E+307,1.470416
756,3.3,9.91E+307,9.91E+307,0.5,9.91E+307,1.469876
757,3.3,9.91E+307,9.91E+307,0.5,9.91E+307,1.471502
758,3.3,9.91E+307,9.91E+307,0.5,9.91E+307,1.474108
759,3.3,9.91E+307,9.91E+307,0.5,9.91E+307,1.472916
760,3.3,9.91E+307,9.91E+307,0.5,9.91E+307,1.462724
761,3.3,9.91E+307,9.91E+307,0.5,9.91E+307,1.47474
762,3.3,9.91E+307,9.91E+307,0.5,9.91E+307,1.473552
763,3.3,9.91E+307,9.91E+307,0.5,9.91E+307,1.472592
764,3.3,9.91E+307,9.91E+307,0.5,9.91E+307,1.474792
765,3.3,9.91E+307,9.91E+307,0.5,9.91E+307,1.471112
766,3.3,9.91E+307,9.91E+307,0.5,9.91E+307,1.470732
767,3.3,9.91E+307,9.91E+307,0.5,9.91E+307,1.478414
768,3.3,9.91E+307,9.91E+307,0.5,9.91E+307,1.469698
769,3.3,9.91E+307,9.91E+307,0.5,9.91E+307,1.47133
770,3.3,9.91E+307,9.91E+307,0.5,9.91E+307,1.474544
771,3.3,9.91E+307,9.91E+307,0.5,9.91E+307,1.469354
772,3.3,9.91E+307,9.91E+307,0.5,9.91E+307,1.472088
773,3.3,9.91E+307,9.91E+307,0.5,9.91E+307,1.467888
774,3.3,9.91E+307,9.91E+307,0.5,9.91E+307,1.471386
775,3.3,9.91E+307,9.91E+307,0.5,9.91E+307,1.475084
776,3.3,9.91E+307,9.91E+307,0.5,9.91E+307,1.469926
777,3.3,9.91E+307,9.91E+307,0.5,9.91E+307,1.473174
778,3.3,9.91E+307,9.91E+307,0.5,9.91E+307,1.47334
779,3.3,9.91E+307,9.91E+307,0.5,9.91E+307,1.46981
780,3.3,9.91E+307,9.91E+307,0.5,9.91E+307,1.466274
781,3.3,9.91E+307,9.91E+307,0.5,9.91E+307,1.46615
782,3.3,9.91E+307,9.91E+307,0.5,9.91E+307,1.466616
783,3.3,9.91E+307,9.91E+307,0.5,9.91E+307,1.470236
784,3.3,9.91E+307,9.91E+307,0.5,9.91E+307,1.471344
785,3.3,9.91E+307,9.91E+307,0.5,9.91E+307,1.476404
786,3.3,9.91E+307,9.91E+307,0.5,9.91E+307,1.472718
787,3.3,9.91E+307,9.91E+307,0.5,9.91E+307,1.476122
788,3.3,9.91E+307,9.91E+307,0.5,9.91E+307,1.469364
789,3.3,9.91E+307,9.91E+307,0.5,9.91E+307,1.47121
790,3.3,9.91E+307,9.91E+307,0.5,9.91E+307,1.474158
791,3.3,9.91E+307,9.91E+307,0.5,9.91E+307,1.468244
792,3.3,9.91E+307,9.91E+307,0.5,9.91E+307,1.474312
793,3.3,9.91E+307,9.91E+307,0.5,9.91E+307,1.469266
794,3.3,9.91E+307,9.91E+307,0.5,9.91E+307,1.46861
795,3.3,9.91E+307,9.91E+307,0.5,9.91E+307,1.470618
796,3.3,9.91E+307,9.91E+307,0.5,9.91E+307,1.469508
797,3.3,9.91E+307,9.91E+307,0.5,9.91E+307,1.470796
798,3.3,9.91E+307,9.91E+307,0.5,9.91E+307,1.467244
799,3.3,9.91E+307,9.91E+307,0.5,9.91E+307,1.470532
800,3.3,9.91E+307,9.91E+307,0.5,9.91E+307,1.469888
801,3.3,9.91E+307,9.91E+307,0.5,9.91E+307,1.469864
802,3.3,9.91E+307,9.91E+307,0.5,9.91E+307,1.471234
803,3.3,9.91E+307,9.91E+307,0.5,9.91E+307,1.471278
804,3.3,9.91E+307,9.91E+307,0.5,9.91E+307,1.470314
805,3.3,9.91E+307,9.91E+307,0.5,9.91E+307,1.474528
806,3.3,9.91E+307,9.91E+307,0.5,9.91E+307,1.464756
807,3.3,9.91E+307,9.91E+307,0.5,9.91E+307,1.470318
808,3.3,9.91E+307,9.91E+307,0.5,9.91E+307,1.465378
809,3.3,9.91E+307,9.91E+307,0.5,9.91E+307,1.464498
810,3.3,9.91E+307,9.91E+307,0.5,9.91E+307,1.471718
811,3.3,9.91E+307,9.91E+307,0.5,9.91E+307,1.465338
812,3.3,9.91E+307,9.91E+307,0.5,9.91E+307,1.465436
813,3.3,9.91E+307,9.91E+307,0.5,9.91E+307,1.46902
814,3.3,9.91E+307,9.91E+307,0.5,9.91E+307,1.466102
815,3.3,9.91E+307,9.91E+307,0.5,9.91E+307,1.465966
816,3.3,9.91E+307,9.91E+307,0.5,9.91E+307,1.471912
817,3.3,9.91E+307,9.91E+307,0.5,9.91E+307,1.468884
818,3.3,9.91E+307,9.91E+307,0.5,9.91E+307,1.468154
819,3.3,9.91E+307,9.91E+307,0.5,9.91E+307,1.46797
820,3.3,9.91E+307,9.91E+307,0.5,9.91E+307,1.466986
821,3.3,9.91E+307,9.91E+307,0.5,9.91E+307,1.473496
822,3.3,9.91E+307,9.91E+307,0.5,9.91E+307,1.469764
823,3.3,9.91E+307,9.91E+307,0.5,9.91E+307,1.47092
824,3.3,9.91E+307,9.91E+307,0.5,9.91E+307,1.46699
825,3.3,9.91E+307,9.91E+307,0.5,9.91E+307,1.469982
826,3.3,9.91E+307,9.91E+307,0.5,9.91E+307,1.457202
827,3.3,9.91E+307,9.91E+307,0.5,9.91E+307,1.464168
828,3.3,9.91E+307,9.91E+307,0.5,9.91E+307,1.462958
829,3.3,9.91E+307,9.91E+307,0.5,9.91E+307,1.465446
830,3.3,9.91E+307,9.91E+307,0.5,9.91E+307,1.469912
831,3.3,9.91E+307,9.91E+307,0.5,9.91E+307,1.47353
832,3.3,9.91E+307,9.91E+307,0.5,9.91E+307,1.468598
833,3.3,9.91E+307,9.91E+307,0.5,9.91E+307,1.469856
834,3.3,9.91E+307,9.91E+307,0.5,9.91E+307,1.470398
835,3.3,9.91E+307,9.91E+307,0.5,9.91E+307,1.460584
836,3.3,9.91E+307,9.91E+307,0.5,9.91E+307,1.477008
837,3.3,9.91E+307,9.91E+307,0.5,9.91E+307,1.46748
838,3.3,9.91E+307,9.91E+307,0.5,9.91E+307,1.471408
839,3.3,9.91E+307,9.91E+307,0.5,9.91E+307,1.472466
840,3.3,9.91E+307,9.91E+307,0.5,9.91E+307,1.462664
841,3.3,9.91E+307,9.91E+307,0.5,9.91E+307,1.474922
842,3.3,9.91E+307,9.91E+307,0.5,9.91E+307,1.473598
843,3.3,9.91E+307,9.91E+307,0.5,9.91E+307,1.472162
844,3.3,9.91E+307,9.91E+307,0.5,9.91E+307,1.469262
845,3.3,9.91E+307,9.91E+307,0.5,9.91E+307,1.474392
846,3.3,9.91E+307,9.91E+307,0.5,9.91E+307,1.468308
847,3.3,9.91E+307,9.91E+307,0.5,9.91E+307,1.45932
848,3.3,9.91E+307,9.91E+307,0.5,9.91E+307,1.459642
849,3.3,9.91E+307,9.91E+307,0.5,9.91E+307,1.47315
850,3.3,9.91E+307,9.91E+307,0.5,9.91E+307,1.470434
851,3.3,9.91E+307,9.91E+307,0.5,9.91E+307,1.467692
852,3.3,9.91E+307,9.91E+307,0.5,9.91E+307,1.46117
853,3.3,9.91E+307,9.91E+307,0.5,9.91E+307,1.46297
854,3.3,9.91E+307,9.91E+307,0.5,9.91E+307,1.46965
855,3.3,9.91E+307,9.91E+307,0.5,9.91E+307,1.463238
856,3.3,9.91E+307,9.91E+307,0.5,9.91E+307,1.474878
857,3.3,9.91E+307,9.91E+307,0.5,9.91E+307,1.479138
858,3.3,9.91E+307,9.91E+307,0.5,9.91E+307,1.470032
859,3.3,9.91E+307,9.91E+307,0.5,9.91E+307,1.47818
860,3.3,9.91E+307,9.91E+307,0.5,9.91E+307,1.470036
861,3.3,9.91E+307,9.91E+307,0.5,9.91E+307,1.464308
862,3.3,9.91E+307,9.91E+307,0.5,9.91E+307,1.477004
863,3.3,9.91E+307,9.91E+307,0.5,9.91E+307,1.46856
864,3.3,9.91E+307,9.91E+307,0.5,9.91E+307,1.471678
865,3.3,9.91E+307,9.91E+307,0.5,9.91E+307,1.474586
866,3.3,9.91E+307,9.91E+307,0.5,9.91E+307,1.468616
867,3.3,9.91E+307,9.91E+307,0.5,9.91E+307,1.469002
868,3.3,9.91E+307,9.91E+307,0.5,9.91E+307,1.474578
869,3.3,9.91E+307,9.91E+307,0.5,9.91E+307,1.471772
870,3.3,9.91E+307,9.91E+307,0.5,9.91E+307,1.473444
871,3.3,9.91E+307,9.91E+307,0.5,9.91E+307,1.470428
872,3.3,9.91E+307,9.91E+307,0.5,9.91E+307,1.473864
873,3.3,9.91E+307,9.91E+307,0.5,9.91E+307,1.467606
874,3.3,9.91E+307,9.91E+307,0.5,9.91E+307,1.473194
875,3.3,9.91E+307,9.91E+307,0.5,9.91E+307,1.456062
876,3.3,9.91E+307,9.91E+307,0.5,9.91E+307,1.46467
877,3.3,9.91E+307,9.91E+307,0.5,9.91E+307,1.468944
878,3.3,9.91E+307,9.91E+307,0.5,9.91E+307,1.465174
879,3.3,9.91E+307,9.91E+307,0.5,9.91E+307,1.476224
880,3.3,9.91E+307,9.91E+307,0.5,9.91E+307,1.471048
881,3.3,9.91E+307,9.91E+307,0.5,9.91E+307,1.463948
882,3.3,9.91E+307,9.91E+307,0.5,9.91E+307,1.470782
883,3.3,9.91E+307,9.91E+307,0.5,9.91E+307,1.472092
884,3.3,9.91E+307,9.91E+307,0.5,9.91E+307,1.46952
885,3.3,9.91E+307,9.91E+307,0.5,9.91E+307,1.463306
886,3.3,9.91E+307,9.91E+307,0.5,9.91E+307,1.464354
887,3.3,9.91E+307,9.91E+307,0.5,9.91E+307,1.47112
888,3.3,9.91E+307,9.91E+307,0.5,9.91E+307,1.46629
889,3.3,9.91E+307,9.91E+307,0.5,9.91E+307,1.460804
890,3.3,9.91E+307,9.91E+307,0.5,9.91E+307,1.477464
891,3.3,9.91E+307,9.91E+307,0.5,9.91E+307,1.463298
892,3.3,9.91E+307,9.91E+307,0.5,9.91E+307,1.46647
893,3.3,9.91E+307,9.91E+307,0.5,9.91E+307,1.463292
894,3.3,9.91E+307,9.91E+307,0.5,9.91E+307,1.469036
895,3.3,9.91E+307,9.91E+307,0.5,9.91E+307,1.462004
896,3.3,9.91E+307,9.91E+307,0.5,9.91E+307,1.464866
897,3.3,9.91E+307,9.91E+307,0.5,9.91E+307,1.472746
898,3.3,9.91E+307,9.91E+307,0.5,9.91E+307,1.460016
899,3.3,9.91E+307,9.91E+307,0.5,9.91E+307,1.46791
900,3.3,9.91E+307,9.91E+307,0.5,9.91E+307,1.475594
901,3.3,9.91E+307,9.91E+307,0.5,9.91E+307,1.467948
902,3.3,9.91E+307,9.91E+307,0.5,9.91E+307,1.473558
903,3.3,9.91E+307,9.91E+307,0.5,9.91E+307,1.473132
904,3.3,9.91E+307,9.91E+307,0.5,9.91E+307,1.464144
905,3.3,9.91E+307,9.91E+307,0.5,9.91E+307,1.47531
906,3.3,9.91E+307,9.91E+307,0.5,9.91E+307,1.466708
907,3.3,9.91E+307,9.91E+307,0.5,9.91E+307,1.463494
908,3.3,9.91E+307,9.91E+307,0.5,9.91E+307,1.474894
909,3.3,9.91E+307,9.91E+307,0.5,9.91E+307,1.470232
910,3.3,9.91E+307,9.91E+307,0.5,9.91E+307,1.477402
911,3.3,9.91E+307,9.91E+307,0.5,9.91E+307,1.469958
912,3.3,9.91E+307,9.91E+307,0.5,9.91E+307,1.467108
913,3.3,9.91E+307,9.91E+307,0.5,9.91E+307,1.46836
914,3.3,9.91E+307,9.91E+307,0.5,9.91E+307,1.462902
915,3.3,9.91E+307,9.91E+307,0.5,9.91E+307,1.46884
916,3.3,9.91E+307,9.91E+307,0.5,9.91E+307,1.471278
917,3.3,9.91E+307,9.91E+307,0.5,9.91E+307,1.466924
918,3.3,9.91E+307,9.91E+307,0.5,9.91E+307,1.471872
919,3.3,9.91E+307,9.91E+307,0.5,9.91E+307,1.462914
920,3.3,9.91E+307,9.91E+307,0.5,9.91E+307,1.480104
921,3.3,9.91E+307,9.91E+307,0.5,9.91E+307,1.460236
922,3.3,9.91E+307,9.91E+307,0.5,9.91E+307,1.466364
923,3.3,9.91E+307,9.91E+307,0.5,9.91E+307,1.47399
924,3.3,9.91E+307,9.91E+307,0.5,9.91E+307,1.466276
925,3.3,9.91E+307,9.91E+307,0.5,9.91E+307,1.476736
926,3.3,9.91E+307,9.91E+307,0.5,9.91E+307,1.473092
927,3.3,9.91E+307,9.91E+307,0.5,9.91E+307,1.467238
928,3.3,9.91E+307,9.91E+307,0.5,9.91E+307,1.467844
929,3.3,9.91E+307,9.91E+307,0.5,9.91E+307,1.475852
930,3.3,9.91E+307,9.91E+307,0.5,9.91E+307,1.468776
931,3.3,9.91E+307,9.91E+307,0.5,9.91E+307,1.456424
932,3.3,9.91E+307,9.91E+307,0.5,9.91E+307,1.474934
933,3.3,9.91E+307,9.91E+307,0.5,9.91E+307,1.466406
934,3.3,9.91E+307,9.91E+307,0.5,9.91E+307,1.459316
935,3.3,9.91E+307,9.91E+307,0.5,9.91E+307,1.463592
936,3.3,9.91E+307,9.91E+307,0.5,9.91E+307,1.468196
937,3.3,9.91E+307,9.91E+307,0.5,9.91E+307,1.466172
938,3.3,9.91E+307,9.91E+307,0.5,9.91E+307,1.469026
939,3.3,9.91E+307,9.91E+307,0.5,9.91E+307,1.460322
940,3.3,9.91E+307,9.91E+307,0.5,9.91E+307,1.46958
941,3.3,9.91E+307,9.91E+307,0.5,9.91E+307,1.475034
942,3.3,9.91E+307,9.91E+307,0.5,9.91E+307,1.469936
943,3.3,9.91E+307,9.91E+307,0.5,9.91E+307,1.470092
944,3.3,9.91E+307,9.91E+307,0.5,9.91E+307,1.466122
945,3.3,9.91E+307,9.91E+307,0.5,9.91E+307,1.47184
946,3.3,9.91E+307,9.91E+307,0.5,9.91E+307,1.472706
947,3.3,9.91E+307,9.91E+307,0.5,9.91E+307,1.468356
948,3.3,9.91E+307,9.91E+307,0.5,9.91E+307,1.468586
949,3.3,9.91E+307,9.91E+307,0.5,9.91E+307,1.474722
950,3.3,9.91E+307,9.91E+307,0.5,9.91E+307,1.473912
951,3.3,9.91E+307,9.91E+307,0.5,9.91E+307,1.475538
952,3.3,9.91E+307,9.91E+307,0.5,9.91E+307,1.474388
953,3.3,9.91E+307,9.91E+307,0.5,9.91E+307,1.467072
954,3.3,9.91E+307,9.91E+307,0.5,9.91E+307,1.467156
955,3.3,9.91E+307,9.91E+307,0.5,9.91E+307,1.477826
956,3.3,9.91E+307,9.91E+307,0.5,9.91E+307,1.47107
957,3.3,9.91E+307,9.91E+307,0.5,9.91E+307,1.466104
958,3.3,9.91E+307,9.91E+307,0.5,9.91E+307,1.476852
959,3.3,9.91E+307,9.91E+307,0.5,9.91E+307,1.47191
960,3.3,9.91E+307,9.91E+307,0.5,9.91E+307,1.464774
961,3.3,9.91E+307,9.91E+307,0.5,9.91E+307,1.476494
962,3.3,9.91E+307,9.91E+307,0.5,9.91E+307,1.472158
963,3.3,9.91E+307,9.91E+307,0.5,9.91E+307,1.464192
964,3.3,9.91E+307,9.91E+307,0.5,9.91E+307,1.478874
965,3.3,9.91E+307,9.91E+307,0.5,9.91E+307,1.468068
966,3.3,9.91E+307,9.91E+307,0.5,9.91E+307,1.464072
967,3.3,9.91E+307,9.91E+307,0.5,9.91E+307,1.462994
968,3.3,9.91E+307,9.91E+307,0.5,9.91E+307,1.456494
969,3.3,9.91E+307,9.91E+307,0.5,9.91E+307,1.461624
970,3.3,9.91E+307,9.91E+307,0.5,9.91E+307,1.464654
971,3.3,9.91E+307,9.91E+307,0.5,9.91E+307,1.468552
972,3.3,9.91E+307,9.91E+307,0.5,9.91E+307,1.468894
973,3.3,9.91E+307,9.91E+307,0.5,9.91E+307,1.46947
974,3.3,9.91E+307,9.91E+307,0.5,9.91E+307,1.477492
975,3.3,9.91E+307,9.91E+307,0.5,9.91E+307,1.474216
976,3.3,9.91E+307,9.91E+307,0.5,9.91E+307,1.47779
977,3.3,9.91E+307,9.91E+307,0.5,9.91E+307,1.463634
978,3.3,9.91E+307,9.91E+307,0.5,9.91E+307,1.46774
979,3.3,9.91E+307,9.91E+307,0.5,9.91E+307,1.480862
980,3.3,9.91E+307,9.91E+307,0.5,9.91E+307,1.461604
981,3.3,9.91E+307,9.91E+307,0.5,9.91E+307,1.48012
982,3.3,9.91E+307,9.91E+307,0.5,9.91E+307,1.466588
983,3.3,9.91E+307,9.91E+307,0.5,9.91E+307,1.461088
984,3.3,9.91E+307,9.91E+307,0.5,9.91E+307,1.473034
985,3.3,9.91E+307,9.91E+307,0.5,9.91E+307,1.473488
986,3.3,9.91E+307,9.91E+307,0.5,9.91E+307,1.46441
987,3.3,9.91E+307,9.91E+307,0.5,9.91E+307,1.475786
988,3.3,9.91E+307,9.91E+307,0.5,9.91E+307,1.464946
989,3.3,9.91E+307,9.91E+307,0.5,9.91E+307,1.467962
990,3.3,9.91E+307,9.91E+307,0.5,9.91E+307,1.469256
991,3.3,9.91E+307,9.91E+307,0.5,9.91E+307,1.462516
992,3.3,9.91E+307,9.91E+307,0.5,9.91E+307,1.470748
993,3.3,9.91E+307,9.91E+307,0.5,9.91E+307,1.466812
994,3.3,9.91E+307,9.91E+307,0.5,9.91E+307,1.47026
995,3.3,9.91E+307,9.91E+307,0.5,9.91E+307,1.472078
996,3.3,9.91E+307,9.91E+307,0.5,9.91E+307,1.468788
997,3.3,9.91E+307,9.91E+307,0.5,9.91E+307,1.470024
998,3.3,9.91E+307,9.91E+307,0.5,9.91E+307,1.462378
999,3.3,9.91E+307,9.91E+307,0.5,9.91E+307,1.475424
1000,3.3,9.91E+307,9.91E+307,0.5,9.91E+307,1.464676
