VDD,IDD,ISS,VREF,IREF,VIN,VOUT
3.3,2.23e-12,-2.022e-11,0.5,-4e-14,0.0,0.000418
3.3,-2.43e-12,-1.994e-11,0.5,-4e-14,0.05,0.0003
3.3,8.7e-13,-1.98e-11,0.5,0.0,0.1,0.000304
3.3,-3.4e-13,-1.985e-11,0.5,-4e-14,0.15,0.00032
3.3,6.5e-12,-2.309e-11,0.5,1e-14,0.2,0.000284
3.3,2.625e-11,-4.198e-11,0.5,-1e-14,0.25,0.000472
3.3,1.1681e-10,-1.3435e-10,0.5,0.0,0.3,0.001156
3.3,4.4895e-10,-4.6759e-10,0.5,0.0,0.35,0.003864
3.3,1.28027e-09,-1.2962e-09,0.5,-2e-14,0.4,0.013662
3.3,2.67104e-09,-2.67642e-09,0.5,-1e-14,0.45,0.026432
3.3,4.29908e-09,-4.32348e-09,0.5,2e-14,0.5,0.049728
3.3,5.79745e-09,-5.80536e-09,0.5,1e-14,0.55,0.080176
3.3,6.90023e-09,-6.90639e-09,0.5,2e-14,0.6,0.117888
3.3,7.50049e-09,-7.50147e-09,0.5,0.0,0.65,0.161008
3.3,7.78019e-09,-7.78214e-09,0.5,1e-14,0.7,0.207948
3.3,7.91573e-09,-7.9205e-09,0.5,1e-14,0.75,0.256454
3.3,7.99845e-09,-8.01677e-09,0.5,2e-14,0.8,0.305314
3.3,8.07629e-09,-8.10311e-09,0.5,-1e-14,0.85,0.36619
3.3,8.15462e-09,-8.16239e-09,0.5,2e-14,0.9,0.415808
3.3,8.19271e-09,-8.22154e-09,0.5,1e-14,0.95,0.46554
3.3,8.25319e-09,-8.26911e-09,0.5,-1e-14,1.0,0.51468
3.3,8.2976e-09,-8.32251e-09,0.5,4e-14,1.05,0.5643
3.3,8.35412e-09,-8.36822e-09,0.5,3e-14,1.1,0.613856
3.3,8.38332e-09,-8.39291e-09,0.5,0.0,1.15,0.664202
3.3,8.43134e-09,-8.44884e-09,0.5,4e-14,1.2,0.71297
3.3,8.46704e-09,-8.48672e-09,0.5,0.0,1.25,0.763084
3.3,8.5077e-09,-8.53467e-09,0.5,3e-14,1.3,0.812874
3.3,8.55562e-09,-8.56239e-09,0.5,3e-14,1.35,0.862468
3.3,8.5588e-09,-8.59257e-09,0.5,2e-14,1.4,0.911738
3.3,8.61771e-09,-8.64613e-09,0.5,2e-14,1.45,0.961698
3.3,8.63266e-09,-8.65394e-09,0.5,0.0,1.5,1.011468
3.3,8.65704e-09,-8.67126e-09,0.5,1e-14,1.55,1.061724
3.3,8.69661e-09,-8.71688e-09,0.5,2e-14,1.6,1.111414
3.3,8.70156e-09,-8.71782e-09,0.5,6e-14,1.65,1.16077
3.3,8.74288e-09,-8.75258e-09,0.5,4e-14,1.7,1.210532
3.3,8.7533e-09,-8.77735e-09,0.5,2e-14,1.75,1.260508
3.3,8.80292e-09,-8.81334e-09,0.5,5e-14,1.8,1.310094
3.3,8.84347e-09,-8.8569e-09,0.5,2e-14,1.85,1.359356
3.3,8.8597e-09,-8.8804e-09,0.5,3e-14,1.9,1.40941
3.3,8.89618e-09,-8.90065e-09,0.5,2e-14,1.95,1.459056
3.3,8.89514e-09,-8.92934e-09,0.5,4e-14,2.0,1.509088
3.3,8.95099e-09,-8.97328e-09,0.5,3e-14,2.05,1.558212
3.3,8.94672e-09,-8.98002e-09,0.5,1e-14,2.1,1.607912
3.3,8.9982e-09,-9.0028e-09,0.5,4e-14,2.15,1.65818
3.3,9.01949e-09,-9.02679e-09,0.5,4e-14,2.2,1.708096
3.3,9.02288e-09,-9.05257e-09,0.5,2e-14,2.25,1.757384
3.3,9.05841e-09,-9.09165e-09,0.5,5e-14,2.3,1.807254
3.3,9.08886e-09,-9.11389e-09,0.5,3e-14,2.35,1.856826
3.3,9.11523e-09,-9.13943e-09,0.5,2e-14,2.4,1.90715
3.3,9.12908e-09,-9.15696e-09,0.5,1e-14,2.45,1.956918
3.3,9.19178e-09,-9.19803e-09,0.5,7e-14,2.5,2.006108
3.3,9.19639e-09,-9.21008e-09,0.5,4e-14,2.55,2.056062
3.3,9.20687e-09,-9.24056e-09,0.5,4e-14,2.6,2.106346
3.3,9.25297e-09,-9.28405e-09,0.5,5e-14,2.65,2.155906
3.3,9.24865e-09,-9.26559e-09,0.5,1e-14,2.7,2.20494
3.3,9.27093e-09,-9.28603e-09,0.5,4e-14,2.75,2.25516
3.3,9.29923e-09,-9.31005e-09,0.5,4e-14,2.8,2.30496
3.3,9.29129e-09,-9.32964e-09,0.5,1e-14,2.85,2.3551
3.3,9.32578e-09,-9.34418e-09,0.5,2e-14,2.9,2.40422
3.3,9.34862e-09,-9.35669e-09,0.5,0.0,2.95,2.45384
3.3,9.35573e-09,-9.37415e-09,0.5,0.0,3.0,2.50372
3.3,1.02e-12,-2.056e-11,0.6,1e-14,0.0,1.419188
3.3,-2.64e-12,-1.891e-11,0.6,3e-14,0.05,0.000182
3.3,-9.7e-13,-1.667e-11,0.6,1e-14,0.1,0.000184
3.3,-3.4e-13,-1.618e-11,0.6,0.0,0.15,0.000172
3.3,3.76e-12,-2.164e-11,0.6,4e-14,0.2,0.000176
3.3,2.32e-11,-3.764e-11,0.6,2e-14,0.25,0.000286
3.3,1.1086e-10,-1.3025e-10,0.6,2e-14,0.3,0.00065
3.3,4.6472e-10,-4.7988e-10,0.6,2e-14,0.35,0.002102
3.3,1.48392e-09,-1.49129e-09,0.6,3e-14,0.4,0.00684
3.3,3.46875e-09,-3.47625e-09,0.6,3e-14,0.45,0.015556
3.3,6.39974e-09,-6.41524e-09,0.6,2e-14,0.5,0.030192
3.3,9.86373e-09,-9.89651e-09,0.6,0.0,0.55,0.04983
3.3,1.36188e-08,-1.36813e-08,0.6,4e-14,0.6,0.077708
3.3,1.7183e-08,-1.7216e-08,0.6,4e-14,0.65,0.105082
3.3,2.02004e-08,-2.02104e-08,0.6,2e-14,0.7,0.139986
3.3,2.24289e-08,-2.2438e-08,0.6,2e-14,0.75,0.179698
3.3,2.38109e-08,-2.38091e-08,0.6,-1e-14,0.8,0.222752
3.3,2.45792e-08,-2.46086e-08,0.6,3e-14,0.85,0.269562
3.3,2.50272e-08,-2.50499e-08,0.6,4e-14,0.9,0.318244
3.3,2.53298e-08,-2.53613e-08,0.6,6e-14,0.95,0.368056
3.3,2.55363e-08,-2.55325e-08,0.6,3e-14,1.0,0.417248
3.3,2.57102e-08,-2.57589e-08,0.6,3e-14,1.05,0.466768
3.3,2.59015e-08,-2.59211e-08,0.6,3e-14,1.1,0.516514
3.3,2.60302e-08,-2.60417e-08,0.6,4e-14,1.15,0.566286
3.3,2.61822e-08,-2.62041e-08,0.6,1e-14,1.2,0.615334
3.3,2.62929e-08,-2.62904e-08,0.6,2e-14,1.25,0.665264
3.3,2.63647e-08,-2.64136e-08,0.6,2e-14,1.3,0.715148
3.3,2.64872e-08,-2.65028e-08,0.6,3e-14,1.35,0.764868
3.3,2.65675e-08,-2.66023e-08,0.6,3e-14,1.4,0.814016
3.3,2.666e-08,-2.66745e-08,0.6,7e-14,1.45,0.864676
3.3,2.67576e-08,-2.67659e-08,0.6,5e-14,1.5,0.914618
3.3,2.68607e-08,-2.68574e-08,0.6,1e-14,1.55,0.964348
3.3,2.69178e-08,-2.69505e-08,0.6,1e-14,1.6,1.014482
3.3,2.6996e-08,-2.70055e-08,0.6,0.0,1.65,1.06357
3.3,2.70696e-08,-2.70735e-08,0.6,3e-14,1.7,1.112828
3.3,2.71373e-08,-2.71809e-08,0.6,2e-14,1.75,1.163134
3.3,2.72306e-08,-2.72271e-08,0.6,-2e-14,1.8,1.212922
3.3,2.73441e-08,-2.73339e-08,0.6,0.0,1.85,1.262166
3.3,2.73741e-08,-2.74087e-08,0.6,0.0,1.9,1.312034
3.3,2.74685e-08,-2.74549e-08,0.6,3e-14,1.95,1.362236
3.3,2.74977e-08,-2.75308e-08,0.6,4e-14,2.0,1.41191
3.3,2.75652e-08,-2.75757e-08,0.6,5e-14,2.05,1.461436
3.3,2.76205e-08,-2.76389e-08,0.6,5e-14,2.1,1.511156
3.3,2.76819e-08,-2.77025e-08,0.6,2e-14,2.15,1.56102
3.3,2.77675e-08,-2.77631e-08,0.6,-1e-14,2.2,1.61087
3.3,2.7812e-08,-2.78336e-08,0.6,2e-14,2.25,1.660306
3.3,2.78903e-08,-2.79112e-08,0.6,5e-14,2.3,1.710268
3.3,2.79345e-08,-2.79482e-08,0.6,5e-14,2.35,1.760354
3.3,2.80062e-08,-2.80242e-08,0.6,6e-14,2.4,1.81018
3.3,2.80728e-08,-2.80861e-08,0.6,2e-14,2.45,1.859732
3.3,2.8144e-08,-2.81417e-08,0.6,1e-14,2.5,1.909164
3.3,2.81677e-08,-2.81858e-08,0.6,6e-14,2.55,1.958908
3.3,2.82497e-08,-2.82436e-08,0.6,-1e-14,2.6,2.008466
3.3,2.82859e-08,-2.82795e-08,0.6,0.0,2.65,2.058708
3.3,2.83775e-08,-2.83733e-08,0.6,1e-14,2.7,2.10772
3.3,2.84102e-08,-2.84183e-08,0.6,3e-14,2.75,2.157202
3.3,2.84168e-08,-2.8442e-08,0.6,4e-14,2.8,2.207416
3.3,2.85353e-08,-2.8554e-08,0.6,5e-14,2.85,2.25746
3.3,2.85536e-08,-2.85752e-08,0.6,2e-14,2.9,2.30592
3.3,2.86088e-08,-2.8642e-08,0.6,2e-14,2.95,2.35534
3.3,2.86949e-08,-2.87047e-08,0.6,4e-14,3.0,2.40498
3.3,-3.7e-13,-1.95e-11,0.7,2e-14,0.0,0.651468
3.3,-3.34e-12,-1.87e-11,0.7,2e-14,0.05,0.000144
3.3,3.33e-12,-1.634e-11,0.7,1e-14,0.1,0.000114
3.3,4.29e-12,-1.893e-11,0.7,4e-14,0.15,0.000138
3.3,7.99e-12,-1.735e-11,0.7,2e-14,0.2,0.000158
3.3,2.421e-11,-4.067e-11,0.7,5e-14,0.25,0.000198
3.3,1.1576e-10,-1.3274e-10,0.7,3e-14,0.3,0.000434
3.3,4.824e-10,-4.9839e-10,0.7,3e-14,0.35,0.001392
3.3,1.58948e-09,-1.60034e-09,0.7,4e-14,0.4,0.0043
3.3,3.89124e-09,-3.91019e-09,0.7,-1e-14,0.45,0.01039
3.3,7.61274e-09,-7.62732e-09,0.7,1e-14,0.5,0.020608
3.3,1.24104e-08,-1.24415e-08,0.7,-2e-14,0.55,0.034796
3.3,1.8102e-08,-1.81082e-08,0.7,5e-14,0.6,0.05223
3.3,2.40854e-08,-2.41971e-08,0.7,2e-14,0.65,0.073172
3.3,3.04149e-08,-3.04375e-08,0.7,-6.5e-13,0.7,0.098144
3.3,3.64917e-08,-3.65723e-08,0.7,0.0,0.75,0.126708
3.3,4.20296e-08,-4.20606e-08,0.7,4e-14,0.8,0.158098
3.3,4.68127e-08,-4.68609e-08,0.7,5e-14,0.85,0.193762
3.3,5.06715e-08,-5.06896e-08,0.7,1e-14,0.9,0.233426
3.3,5.33985e-08,-5.34547e-08,0.7,4e-14,0.95,0.276918
3.3,5.51525e-08,-5.51547e-08,0.7,3e-14,1.0,0.321956
3.3,5.61975e-08,-5.62205e-08,0.7,3e-14,1.05,0.370948
3.3,5.69464e-08,-5.6946e-08,0.7,5e-14,1.1,0.419886
3.3,5.74626e-08,-5.74807e-08,0.7,1e-14,1.15,0.46952
3.3,5.777e-08,-5.77858e-08,0.7,1e-14,1.2,0.518212
3.3,5.81654e-08,-5.81644e-08,0.7,5e-14,1.25,0.56854
3.3,5.84355e-08,-5.8458e-08,0.7,5e-14,1.3,0.61904
3.3,5.87888e-08,-5.88707e-08,0.7,3e-14,1.35,0.669524
3.3,5.90023e-08,-5.90471e-08,0.7,4e-14,1.4,0.718158
3.3,5.92572e-08,-5.92928e-08,0.7,1e-14,1.45,0.768702
3.3,5.94617e-08,-5.95494e-08,0.7,4e-14,1.5,0.818366
3.3,5.97166e-08,-5.96886e-08,0.7,1e-14,1.55,0.868234
3.3,5.98837e-08,-5.98808e-08,0.7,1e-14,1.6,0.918522
3.3,6.00214e-08,-6.00102e-08,0.7,0.0,1.65,0.967708
3.3,6.01434e-08,-6.01754e-08,0.7,3e-14,1.7,1.017418
3.3,6.03743e-08,-6.03837e-08,0.7,1e-14,1.75,1.066654
3.3,6.05188e-08,-6.05725e-08,0.7,6e-14,1.8,1.116648
3.3,6.07069e-08,-6.07156e-08,0.7,3e-14,1.85,1.165826
3.3,6.08714e-08,-6.09137e-08,0.7,4e-14,1.9,1.215702
3.3,6.09826e-08,-6.10139e-08,0.7,4e-14,1.95,1.26599
3.3,6.11338e-08,-6.11492e-08,0.7,-2e-14,2.0,1.315278
3.3,6.13035e-08,-6.13157e-08,0.7,2e-14,2.05,1.365296
3.3,6.1492e-08,-6.14878e-08,0.7,2e-14,2.1,1.41528
3.3,6.15745e-08,-6.15734e-08,0.7,5e-14,2.15,1.464348
3.3,6.16596e-08,-6.16725e-08,0.7,-1e-14,2.2,1.514064
3.3,6.18214e-08,-6.18397e-08,0.7,0.0,2.25,1.56353
3.3,6.19696e-08,-6.1947e-08,0.7,2e-14,2.3,1.613806
3.3,6.2045e-08,-6.20374e-08,0.7,8e-14,2.35,1.664078
3.3,6.22051e-08,-6.21811e-08,0.7,3e-14,2.4,1.71372
3.3,6.23298e-08,-6.23181e-08,0.7,4e-14,2.45,1.762968
3.3,6.23973e-08,-6.24653e-08,0.7,2e-14,2.5,1.811508
3.3,6.25483e-08,-6.25809e-08,0.7,2e-14,2.55,1.860744
3.3,6.2607e-08,-6.26076e-08,0.7,3e-14,2.6,1.910648
3.3,6.28469e-08,-6.2846e-08,0.7,1e-14,2.65,1.960504
3.3,6.29294e-08,-6.28937e-08,0.7,4e-14,2.7,2.009804
3.3,6.30703e-08,-6.30142e-08,0.7,1e-14,2.75,2.0589
3.3,6.3085e-08,-6.31429e-08,0.7,1e-14,2.8,2.10779
3.3,6.32258e-08,-6.32217e-08,0.7,3e-14,2.85,2.156554
3.3,6.33506e-08,-6.3279e-08,0.7,5e-14,2.9,2.205528
3.3,6.34129e-08,-6.34175e-08,0.7,3e-14,2.95,2.25432
3.3,6.35278e-08,-6.35089e-08,0.7,2e-14,3.0,2.30388
3.3,2e-14,-1.856e-11,0.8,2e-14,0.0,0.00519
3.3,-1.61e-12,-1.737e-11,0.8,2e-14,0.05,0.00011
3.3,4.5e-13,-1.593e-11,0.8,0.0,0.1,0.000116
3.3,2.6e-13,-1.713e-11,0.8,-1e-14,0.15,0.00012
3.3,4.8e-12,-2.096e-11,0.8,2e-14,0.2,0.00012
3.3,2.426e-11,-3.966e-11,0.8,5e-14,0.25,0.000152
3.3,1.1786e-10,-1.338e-10,0.8,1e-14,0.3,0.000326
3.3,4.9606e-10,-5.1249e-10,0.8,0.0,0.35,0.001002
3.3,1.6527e-09,-1.67523e-09,0.8,-4e-14,0.4,0.003022
3.3,4.19562e-09,-4.20675e-09,0.8,-1e-14,0.45,0.0076
3.3,8.43686e-09,-8.44394e-09,0.8,0.0,0.5,0.015308
3.3,1.42368e-08,-1.42655e-08,0.8,1e-14,0.55,0.026286
3.3,2.12719e-08,-2.13748e-08,0.8,-1e-14,0.6,0.039702
3.3,2.91552e-08,-2.92649e-08,0.8,2e-14,0.65,0.056048
3.3,3.77199e-08,-3.77836e-08,0.8,5e-14,0.7,0.074784
3.3,4.66838e-08,-4.68257e-08,0.8,2e-14,0.75,0.096344
3.3,5.57807e-08,-5.585e-08,0.8,4e-14,0.8,0.12053
3.3,6.46508e-08,-6.48012e-08,0.8,7e-14,0.85,0.147108
3.3,7.33731e-08,-7.34926e-08,0.8,3e-14,0.9,0.17757
3.3,8.14023e-08,-8.14883e-08,0.8,5e-14,0.95,0.210578
3.3,8.8309e-08,-8.84258e-08,0.8,3e-14,1.0,0.246172
3.3,9.41442e-08,-9.41709e-08,0.8,4e-14,1.05,0.285536
3.3,9.85325e-08,-9.85788e-08,0.8,2e-14,1.1,0.327404
3.3,1.01794e-07,-1.017835e-07,0.8,1e-14,1.15,0.37341
3.3,1.03891e-07,-1.039428e-07,0.8,6e-14,1.2,0.419784
3.3,1.05328e-07,-1.053373e-07,0.8,1e-14,1.25,0.467782
3.3,1.06239e-07,-1.06287e-07,0.8,2e-14,1.3,0.51774
3.3,1.07113e-07,-1.07175e-07,0.8,0.0,1.35,0.566166
3.3,1.0778e-07,-1.077665e-07,0.8,-1e-14,1.4,0.61573
3.3,1.08387e-07,-1.083973e-07,0.8,2e-14,1.45,0.665576
3.3,1.08871e-07,-1.08871e-07,0.8,0.0,1.5,0.715942
3.3,1.09365e-07,-1.093666e-07,0.8,1e-14,1.55,0.765852
3.3,1.09849e-07,-1.098785e-07,0.8,2e-14,1.6,0.815618
3.3,1.10244e-07,-1.102006e-07,0.8,4e-14,1.65,0.864406
3.3,1.1055e-07,-1.105969e-07,0.8,3e-14,1.7,0.914196
3.3,1.10806e-07,-1.108059e-07,0.8,2e-14,1.75,0.964508
3.3,1.11198e-07,-1.112034e-07,0.8,3e-14,1.8,1.013824
3.3,1.11578e-07,-1.115038e-07,0.8,1e-14,1.85,1.063232
3.3,1.119e-07,-1.119391e-07,0.8,4e-14,1.9,1.11296
3.3,1.12231e-07,-1.121874e-07,0.8,6e-14,1.95,1.163362
3.3,1.12515e-07,-1.125876e-07,0.8,6e-14,2.0,1.213124
3.3,1.12736e-07,-1.127853e-07,0.8,1e-14,2.05,1.261646
3.3,1.12936e-07,-1.129686e-07,0.8,1e-14,2.1,1.311454
3.3,1.13243e-07,-1.13269e-07,0.8,2e-14,2.15,1.361652
3.3,1.13355e-07,-1.134081e-07,0.8,3e-14,2.2,1.411532
3.3,1.13757e-07,-1.136938e-07,0.8,3e-14,2.25,1.460696
3.3,1.13958e-07,-1.139287e-07,0.8,4e-14,2.3,1.51091
3.3,1.14274e-07,-1.14176e-07,0.8,2e-14,2.35,1.560578
3.3,1.1443e-07,-1.14456e-07,0.8,4e-14,2.4,1.609694
3.3,1.14695e-07,-1.14802e-07,0.8,3e-14,2.45,1.658538
3.3,1.14989e-07,-1.14971e-07,0.8,2e-14,2.5,1.706236
3.3,1.15191e-07,-1.15249e-07,0.8,5e-14,2.55,1.755806
3.3,1.15438e-07,-1.15454e-07,0.8,2e-14,2.6,1.804158
3.3,1.15617e-07,-1.15567e-07,0.8,2e-14,2.65,1.85359
3.3,1.15823e-07,-1.15814e-07,0.8,4e-14,2.7,1.903598
3.3,1.16036e-07,-1.16003e-07,0.8,1e-14,2.75,1.952716
3.3,1.1626e-07,-1.16267e-07,0.8,4e-14,2.8,2.001002
3.3,1.1647e-07,-1.16441e-07,0.8,4e-14,2.85,2.050068
3.3,1.16627e-07,-1.16655e-07,0.8,2e-14,2.9,2.098962
3.3,1.16815e-07,-1.16884e-07,0.8,0.0,2.95,2.147472
3.3,1.16899e-07,-1.16933e-07,0.8,0.0,3.0,2.196596
3.3,1.92e-12,-1.989e-11,0.9,5e-14,0.0,0.000136
3.3,9.5e-13,-1.891e-11,0.9,1e-14,0.05,0.000104
3.3,2.9e-12,-1.956e-11,0.9,3e-14,0.1,0.000104
3.3,2.45e-12,-2.05e-11,0.9,2e-14,0.15,0.000112
3.3,3.82e-12,-2.18e-11,0.9,2e-14,0.2,0.00011
3.3,2.298e-11,-4.224e-11,0.9,5e-14,0.25,0.00014
3.3,1.1983e-10,-1.3685e-10,0.9,2e-14,0.3,0.000282
3.3,5.0718e-10,-5.2242e-10,0.9,5e-14,0.35,0.00079
3.3,1.70938e-09,-1.72866e-09,0.9,6e-14,0.4,0.002304
3.3,4.39717e-09,-4.41832e-09,0.9,4e-14,0.45,0.005856
3.3,9.04872e-09,-9.07707e-09,0.9,3e-14,0.5,0.011976
3.3,1.55812e-08,-1.56065e-08,0.9,4e-14,0.55,0.020506
3.3,2.36732e-08,-2.37537e-08,0.9,2e-14,0.6,0.031486
3.3,3.28751e-08,-3.30065e-08,0.9,0.0,0.65,0.044526
3.3,4.31425e-08,-4.34314e-08,0.9,2e-14,0.7,0.059668
3.3,5.44576e-08,-5.46092e-08,0.9,2e-14,0.75,0.077168
3.3,6.61419e-08,-6.63245e-08,0.9,3e-14,0.8,0.096534
3.3,7.8422e-08,-7.85787e-08,0.9,3e-14,0.85,0.11823
3.3,9.08575e-08,-9.10118e-08,0.9,4e-14,0.9,0.142006
3.3,1.031611e-07,-1.033899e-07,0.9,1e-14,0.95,0.168234
3.3,1.15381e-07,-1.1539e-07,0.9,0.0,1.0,0.196316
3.3,1.2681e-07,-1.2702e-07,0.9,3e-14,1.05,0.227508
3.3,1.37689e-07,-1.37765e-07,0.9,6e-14,1.1,0.261206
3.3,1.47176e-07,-1.47334e-07,0.9,-1e-14,1.15,0.297708
3.3,1.553e-07,-1.55442e-07,0.9,0.0,1.2,0.335474
3.3,1.62029e-07,-1.62135e-07,0.9,3e-14,1.25,0.376628
3.3,1.67108e-07,-1.67288e-07,0.9,3e-14,1.3,0.420804
3.3,1.70946e-07,-1.70926e-07,0.9,1e-14,1.35,0.466134
3.3,1.73447e-07,-1.7342e-07,0.9,6e-14,1.4,0.512214
3.3,1.75358e-07,-1.75375e-07,0.9,1e-14,1.45,0.560672
3.3,1.76703e-07,-1.7681e-07,0.9,-1e-14,1.5,0.609664
3.3,1.7792e-07,-1.77996e-07,0.9,3e-14,1.55,0.658928
3.3,1.78984e-07,-1.79143e-07,0.9,2e-14,1.6,0.708272
3.3,1.79829e-07,-1.79806e-07,0.9,4e-14,1.65,0.756982
3.3,1.80614e-07,-1.8066e-07,0.9,3e-14,1.7,0.80765
3.3,1.81314e-07,-1.81349e-07,0.9,2e-14,1.75,0.857056
3.3,1.81893e-07,-1.81961e-07,0.9,3e-14,1.8,0.907278
3.3,1.82318e-07,-1.82391e-07,0.9,-2e-14,1.85,0.955796
3.3,1.83024e-07,-1.82997e-07,0.9,3e-14,1.9,1.006066
3.3,1.83472e-07,-1.83484e-07,0.9,6e-14,1.95,1.055712
3.3,1.83965e-07,-1.84076e-07,0.9,1e-14,2.0,1.106436
3.3,1.8446e-07,-1.84477e-07,0.9,4e-14,2.05,1.154404
3.3,1.84916e-07,-1.84937e-07,0.9,3e-14,2.1,1.203972
3.3,1.85284e-07,-1.85518e-07,0.9,-2e-14,2.15,1.253748
3.3,1.85834e-07,-1.85766e-07,0.9,0.0,2.2,1.303224
3.3,1.86146e-07,-1.8616e-07,0.9,5e-14,2.25,1.352064
3.3,1.86559e-07,-1.86599e-07,0.9,2e-14,2.3,1.401218
3.3,1.86974e-07,-1.86934e-07,0.9,1e-14,2.35,1.45061
3.3,1.87301e-07,-1.87325e-07,0.9,4e-14,2.4,1.499858
3.3,1.8769e-07,-1.87783e-07,0.9,3e-14,2.45,1.549768
3.3,1.88026e-07,-1.88079e-07,0.9,3e-14,2.5,1.597882
3.3,1.88482e-07,-1.88441e-07,0.9,1e-14,2.55,1.6463
3.3,1.88763e-07,-1.8884e-07,0.9,1e-14,2.6,1.696202
3.3,1.89052e-07,-1.8915e-07,0.9,3e-14,2.65,1.745204
3.3,1.89417e-07,-1.89341e-07,0.9,4e-14,2.7,1.793192
3.3,1.89766e-07,-1.89726e-07,0.9,2e-14,2.75,1.841748
3.3,1.90181e-07,-1.90081e-07,0.9,2e-14,2.8,1.890488
3.3,1.90416e-07,-1.90429e-07,0.9,1e-14,2.85,1.939934
3.3,1.90707e-07,-1.90735e-07,0.9,1e-14,2.9,1.98772
3.3,1.9101e-07,-1.91149e-07,0.9,4e-14,2.95,2.036316
3.3,1.9132e-07,-1.91315e-07,0.9,1e-14,3.0,2.082466
3.3,2.06e-12,-1.942e-11,1.0,3e-14,0.0,0.000112
3.3,1.77e-12,-1.934e-11,1.0,1e-14,0.05,9.4e-05
3.3,-7.5e-13,-1.705e-11,1.0,4e-14,0.1,9e-05
3.3,-8.3e-13,-1.915e-11,1.0,0.0,0.15,9.6e-05
3.3,3.03e-12,-2.173e-11,1.0,3e-14,0.2,9.6e-05
3.3,2.681e-11,-4.179e-11,1.0,2e-14,0.25,0.000116
3.3,1.2392e-10,-1.3689e-10,1.0,0.0,0.3,0.00021
3.3,5.1184e-10,-5.2624e-10,1.0,2e-14,0.35,0.000616
3.3,1.73784e-09,-1.75594e-09,1.0,2e-14,0.4,0.001814
3.3,4.55261e-09,-4.54907e-09,1.0,3e-14,0.45,0.004686
3.3,9.46684e-09,-9.48895e-09,1.0,5e-14,0.5,0.009636
3.3,1.64788e-08,-1.65178e-08,1.0,2e-14,0.55,0.016576
3.3,2.53526e-08,-2.53779e-08,1.0,1e-14,0.6,0.02569
3.3,3.55029e-08,-3.57253e-08,1.0,4e-14,0.65,0.036338
3.3,4.7065e-08,-4.71105e-08,1.0,3e-14,0.7,0.048932
3.3,5.97826e-08,-6.00789e-08,1.0,3e-14,0.75,0.063096
3.3,7.35326e-08,-7.37959e-08,1.0,3e-14,0.8,0.079264
3.3,8.83605e-08,-8.86244e-08,1.0,-1e-14,0.85,0.09755
3.3,1.038522e-07,-1.040524e-07,1.0,0.0,0.9,0.117302
3.3,1.20257e-07,-1.20653e-07,1.0,1e-14,0.95,0.139864
3.3,1.36301e-07,-1.36478e-07,1.0,4e-14,1.0,0.16294
3.3,1.52305e-07,-1.52571e-07,1.0,0.0,1.05,0.188418
3.3,1.68031e-07,-1.68205e-07,1.0,5e-14,1.1,0.215574
3.3,1.83397e-07,-1.83558e-07,1.0,3e-14,1.15,0.244908
3.3,1.97928e-07,-1.98058e-07,1.0,4e-14,1.2,0.276216
3.3,2.1136e-07,-2.11465e-07,1.0,2e-14,1.25,0.308738
3.3,2.23623e-07,-2.23873e-07,1.0,1e-14,1.3,0.344066
3.3,2.34793e-07,-2.34901e-07,1.0,0.0,1.35,0.382276
3.3,2.44062e-07,-2.44176e-07,1.0,2e-14,1.4,0.42173
3.3,2.51732e-07,-2.51715e-07,1.0,0.0,1.45,0.464166
3.3,2.57646e-07,-2.57708e-07,1.0,2e-14,1.5,0.509414
3.3,2.61963e-07,-2.62172e-07,1.0,3e-14,1.55,0.555546
3.3,2.65316e-07,-2.65378e-07,1.0,7e-14,1.6,0.603756
3.3,2.67798e-07,-2.67857e-07,1.0,-2e-14,1.65,0.650456
3.3,2.69679e-07,-2.697e-07,1.0,2e-14,1.7,0.699566
3.3,2.71317e-07,-2.71282e-07,1.0,-1e-14,1.75,0.748828
3.3,2.72653e-07,-2.72742e-07,1.0,3e-14,1.8,0.798988
3.3,2.73866e-07,-2.7381e-07,1.0,3e-14,1.85,0.847348
3.3,2.74795e-07,-2.74855e-07,1.0,1e-14,1.9,0.895766
3.3,2.75973e-07,-2.75916e-07,1.0,2e-14,1.95,0.944506
3.3,2.76654e-07,-2.76785e-07,1.0,2e-14,2.0,0.994628
3.3,2.77515e-07,-2.77536e-07,1.0,2e-14,2.05,1.04376
3.3,2.78552e-07,-2.78618e-07,1.0,0.0,2.1,1.09395
3.3,2.79326e-07,-2.79307e-07,1.0,1e-14,2.15,1.143972
3.3,2.79999e-07,-2.79993e-07,1.0,3e-14,2.2,1.19332
3.3,2.8066e-07,-2.80638e-07,1.0,6e-14,2.25,1.241636
3.3,2.81218e-07,-2.81232e-07,1.0,0.0,2.3,1.290928
3.3,2.8197e-07,-2.81821e-07,1.0,4e-14,2.35,1.340246
3.3,2.82521e-07,-2.82432e-07,1.0,0.0,2.4,1.387472
3.3,2.83095e-07,-2.8307e-07,1.0,1e-14,2.45,1.43644
3.3,2.83602e-07,-2.83689e-07,1.0,5e-14,2.5,1.484656
3.3,2.84038e-07,-2.84342e-07,1.0,4e-14,2.55,1.533956
3.3,2.84817e-07,-2.84783e-07,1.0,1e-14,2.6,1.582802
3.3,2.85202e-07,-2.85367e-07,1.0,4e-14,2.65,1.63063
3.3,2.85807e-07,-2.85852e-07,1.0,2e-14,2.7,1.678148
3.3,2.86366e-07,-2.86296e-07,1.0,5e-14,2.75,1.725988
3.3,2.86701e-07,-2.86622e-07,1.0,5e-14,2.8,1.775846
3.3,2.87215e-07,-2.87361e-07,1.0,0.0,2.85,1.82485
3.3,2.87644e-07,-2.87748e-07,1.0,1e-14,2.9,1.873136
3.3,2.88314e-07,-2.88303e-07,1.0,5e-14,2.95,1.92184
3.3,2.8889e-07,-2.88859e-07,1.0,3e-14,3.0,1.970096
3.3,2.3e-12,-1.851e-11,1.1,-1e-14,0.0,0.000114
3.3,-1.81e-12,-1.598e-11,1.1,1e-14,0.05,8.6e-05
3.3,-2e-14,-1.48e-11,1.1,2e-14,0.1,0.000104
3.3,8.4e-13,-1.555e-11,1.1,3e-14,0.15,8.6e-05
3.3,3.09e-12,-1.883e-11,1.1,1e-14,0.2,8.6e-05
3.3,2.244e-11,-3.929e-11,1.1,2e-14,0.25,0.00011
3.3,1.2279e-10,-1.3783e-10,1.1,0.0,0.3,0.000188
3.3,5.1847e-10,-5.3217e-10,1.1,0.0,0.35,0.000514
3.3,1.78149e-09,-1.78764e-09,1.1,1e-14,0.4,0.001564
3.3,4.68694e-09,-4.69882e-09,1.1,7e-14,0.45,0.003962
3.3,9.85061e-09,-9.86322e-09,1.1,1e-14,0.5,0.008076
3.3,1.72833e-08,-1.73225e-08,1.1,2e-14,0.55,0.013966
3.3,2.69323e-08,-2.70484e-08,1.1,2e-14,0.6,0.02171
3.3,3.7959e-08,-3.81236e-08,1.1,0.0,0.65,0.03076
3.3,5.06874e-08,-5.09083e-08,1.1,6e-14,0.7,0.041578
3.3,6.46912e-08,-6.50815e-08,1.1,3e-14,0.75,0.053726
3.3,8.0098e-08,-8.03591e-08,1.1,0.0,0.8,0.067354
3.3,9.67769e-08,-9.69608e-08,1.1,4e-14,0.85,0.082618
3.3,1.15004e-07,-1.15321e-07,1.1,3e-14,0.9,0.099786
3.3,1.33876e-07,-1.34114e-07,1.1,0.0,0.95,0.11876
3.3,1.52523e-07,-1.52784e-07,1.1,3e-14,1.0,0.138528
3.3,1.72163e-07,-1.72436e-07,1.1,5e-14,1.05,0.15995
3.3,1.92323e-07,-1.92587e-07,1.1,0.0,1.1,0.18313
3.3,2.12334e-07,-2.12878e-07,1.1,3e-14,1.15,0.208026
3.3,2.31991e-07,-2.32352e-07,1.1,1e-14,1.2,0.234672
3.3,2.51681e-07,-2.51583e-07,1.1,-1e-14,1.25,0.26224
3.3,2.70041e-07,-2.70278e-07,1.1,7e-14,1.3,0.292152
3.3,2.88243e-07,-2.88566e-07,1.1,2e-14,1.35,0.323836
3.3,3.04943e-07,-3.05267e-07,1.1,4e-14,1.4,0.356874
3.3,3.20557e-07,-3.20738e-07,1.1,3e-14,1.45,0.391682
3.3,3.346e-07,-3.34883e-07,1.1,5e-14,1.5,0.428874
3.3,3.46959e-07,-3.47233e-07,1.1,1e-14,1.55,0.468806
3.3,3.57486e-07,-3.57552e-07,1.1,2e-14,1.6,0.510442
3.3,3.65821e-07,-3.65895e-07,1.1,5e-14,1.65,0.552866
3.3,3.7244e-07,-3.72472e-07,1.1,7e-14,1.7,0.596944
3.3,3.77645e-07,-3.77629e-07,1.1,-2e-14,1.75,0.64373
3.3,3.81624e-07,-3.8167e-07,1.1,-2e-14,1.8,0.691234
3.3,3.84603e-07,-3.8476e-07,1.1,3e-14,1.85,0.73838
3.3,3.87254e-07,-3.87199e-07,1.1,2e-14,1.9,0.786562
3.3,3.89302e-07,-3.89426e-07,1.1,4e-14,1.95,0.835422
3.3,3.9096e-07,-3.90929e-07,1.1,3e-14,2.0,0.884378
3.3,3.92877e-07,-3.92901e-07,1.1,3e-14,2.05,0.932782
3.3,3.94164e-07,-3.94219e-07,1.1,0.0,2.1,0.982652
3.3,3.95514e-07,-3.95506e-07,1.1,4e-14,2.15,1.031528
3.3,3.96986e-07,-3.96924e-07,1.1,4e-14,2.2,1.081312
3.3,3.98054e-07,-3.97975e-07,1.1,1e-14,2.25,1.130096
3.3,3.99109e-07,-3.99187e-07,1.1,4e-14,2.3,1.178772
3.3,4.00145e-07,-4.00194e-07,1.1,2e-14,2.35,1.227908
3.3,4.01197e-07,-4.01192e-07,1.1,2e-14,2.4,1.27654
3.3,4.01927e-07,-4.01909e-07,1.1,-1e-14,2.45,1.325362
3.3,4.02895e-07,-4.02794e-07,1.1,-1e-14,2.5,1.374154
3.3,4.03733e-07,-4.0371e-07,1.1,-1e-14,2.55,1.422132
3.3,4.0453e-07,-4.04556e-07,1.1,3e-14,2.6,1.470676
3.3,4.05335e-07,-4.05295e-07,1.1,1e-14,2.65,1.520064
3.3,4.05781e-07,-4.05823e-07,1.1,1e-14,2.7,1.567546
3.3,4.06581e-07,-4.06578e-07,1.1,4e-14,2.75,1.616262
3.3,4.07152e-07,-4.07225e-07,1.1,3e-14,2.8,1.665142
3.3,4.07827e-07,-4.07974e-07,1.1,0.0,2.85,1.71302
3.3,4.0852e-07,-4.0864e-07,1.1,5e-14,2.9,1.760932
3.3,4.09596e-07,-4.09544e-07,1.1,5e-14,2.95,1.806756
3.3,4.10038e-07,-4.10093e-07,1.1,3e-14,3.0,1.855976
3.3,3.23e-12,-1.552e-11,1.2,1e-14,0.0,9.4e-05
3.3,4.4e-13,-1.442e-11,1.2,4e-14,0.05,8.2e-05
3.3,2e-12,-1.46e-11,1.2,4e-14,0.1,8.2e-05
3.3,-1.2e-13,-1.536e-11,1.2,1e-14,0.15,8e-05
3.3,4.3e-12,-1.857e-11,1.2,5e-14,0.2,8.8e-05
3.3,2.316e-11,-3.886e-11,1.2,-1e-14,0.25,9.4e-05
3.3,1.2478e-10,-1.3737e-10,1.2,5e-14,0.3,0.000168
3.3,5.2955e-10,-5.383e-10,1.2,0.0,0.35,0.000434
3.3,1.80337e-09,-1.81673e-09,1.2,2e-14,0.4,0.001278
3.3,4.77188e-09,-4.79046e-09,1.2,0.0,0.45,0.00329
3.3,1.015511e-08,-1.016088e-08,1.2,1e-14,0.5,0.006886
3.3,1.79999e-08,-1.80436e-08,1.2,1e-14,0.55,0.011928
3.3,2.82226e-08,-2.82639e-08,1.2,2e-14,0.6,0.018696
3.3,4.00047e-08,-4.02475e-08,1.2,2e-14,0.65,0.026644
3.3,5.37621e-08,-5.38236e-08,1.2,2e-14,0.7,0.035946
3.3,6.89845e-08,-6.91915e-08,1.2,7e-14,0.75,0.046468
3.3,8.55352e-08,-8.5937e-08,1.2,-1e-14,0.8,0.058404
3.3,1.03903e-07,-1.041488e-07,1.2,3e-14,0.85,0.071724
3.3,1.24402e-07,-1.24972e-07,1.2,1e-14,0.9,0.086916
3.3,1.45472e-07,-1.45943e-07,1.2,2e-14,0.95,0.103486
3.3,1.66469e-07,-1.66918e-07,1.2,5e-14,1.0,0.12037
3.3,1.8964e-07,-1.8993e-07,1.2,4e-14,1.05,0.139326
3.3,2.12552e-07,-2.13025e-07,1.2,3e-14,1.1,0.15927
3.3,2.36815e-07,-2.3712e-07,1.2,4e-14,1.15,0.180882
3.3,2.60284e-07,-2.60507e-07,1.2,1e-14,1.2,0.203594
3.3,2.84475e-07,-2.84748e-07,1.2,3e-14,1.25,0.227736
3.3,3.08154e-07,-3.08733e-07,1.2,1e-14,1.3,0.25314
3.3,3.32171e-07,-3.32386e-07,1.2,4e-14,1.35,0.28018
3.3,3.55363e-07,-3.55546e-07,1.2,2e-14,1.4,0.308818
3.3,3.7801e-07,-3.78188e-07,1.2,4e-14,1.45,0.339322
3.3,3.99042e-07,-3.99386e-07,1.2,2e-14,1.5,0.370216
3.3,4.19484e-07,-4.19944e-07,1.2,4e-14,1.55,0.403732
3.3,4.38531e-07,-4.38879e-07,1.2,3e-14,1.6,0.43945
3.3,4.55988e-07,-4.5596e-07,1.2,2e-14,1.65,0.475238
3.3,4.71627e-07,-4.71901e-07,1.2,4e-14,1.7,0.513828
3.3,4.85119e-07,-4.85336e-07,1.2,2e-14,1.75,0.554334
3.3,4.96561e-07,-4.96673e-07,1.2,2e-14,1.8,0.595592
3.3,5.06093e-07,-5.06092e-07,1.2,3e-14,1.85,0.6379
3.3,5.13729e-07,-5.13729e-07,1.2,0.0,1.9,0.683716
3.3,5.1977e-07,-5.19886e-07,1.2,0.0,1.95,0.72938
3.3,5.24582e-07,-5.24602e-07,1.2,4e-14,2.0,0.7768
3.3,5.28346e-07,-5.28365e-07,1.2,4e-14,2.05,0.823592
3.3,5.31699e-07,-5.31816e-07,1.2,4e-14,2.1,0.872472
3.3,5.34441e-07,-5.34677e-07,1.2,2e-14,2.15,0.920788
3.3,5.36911e-07,-5.36847e-07,1.2,-1e-14,2.2,0.969432
3.3,5.38917e-07,-5.39038e-07,1.2,1e-14,2.25,1.016354
3.3,5.40562e-07,-5.40455e-07,1.2,4e-14,2.3,1.06661
3.3,5.42321e-07,-5.42226e-07,1.2,4e-14,2.35,1.116348
3.3,5.43907e-07,-5.43713e-07,1.2,2e-14,2.4,1.16489
3.3,5.45105e-07,-5.45212e-07,1.2,1e-14,2.45,1.21255
3.3,5.4643e-07,-5.46675e-07,1.2,0.0,2.5,1.260572
3.3,5.48035e-07,-5.48227e-07,1.2,2e-14,2.55,1.309826
3.3,5.49052e-07,-5.49368e-07,1.2,6e-14,2.6,1.356162
3.3,5.50371e-07,-5.5034e-07,1.2,4e-14,2.65,1.404508
3.3,5.51814e-07,-5.51554e-07,1.2,2e-14,2.7,1.451358
3.3,5.52373e-07,-5.52461e-07,1.2,2e-14,2.75,1.50153
3.3,5.53672e-07,-5.53777e-07,1.2,4e-14,2.8,1.549302
3.3,5.54735e-07,-5.5473e-07,1.2,3e-14,2.85,1.596142
3.3,5.55791e-07,-5.55511e-07,1.2,6e-14,2.9,1.644142
3.3,5.56376e-07,-5.56471e-07,1.2,3e-14,2.95,1.6931
3.3,5.57543e-07,-5.57217e-07,1.2,2e-14,3.0,1.741482
3.3,2.98e-12,-1.634e-11,1.3,4e-14,0.0,9e-05
3.3,5.5e-13,-1.418e-11,1.3,0.0,0.05,8.2e-05
3.3,-6.6e-13,-1.395e-11,1.3,5e-14,0.1,8.4e-05
3.3,-1.37e-12,-1.43e-11,1.3,3e-14,0.15,8.4e-05
3.3,2.19e-12,-1.884e-11,1.3,1e-14,0.2,8.2e-05
3.3,2.491e-11,-3.596e-11,1.3,1e-14,0.25,0.000104
3.3,1.2319e-10,-1.3612e-10,1.3,-1e-14,0.3,0.000158
3.3,5.3104e-10,-5.4115e-10,1.3,1e-14,0.35,0.000384
3.3,1.83095e-09,-1.84004e-09,1.3,2e-14,0.4,0.0011
3.3,4.86848e-09,-4.88825e-09,1.3,-1e-14,0.45,0.002842
3.3,1.038244e-08,-1.039195e-08,1.3,0.0,0.5,0.005958
3.3,1.85318e-08,-1.85801e-08,1.3,6e-14,0.55,0.01036
3.3,2.91902e-08,-2.92815e-08,1.3,4e-14,0.6,0.016282
3.3,4.17485e-08,-4.19331e-08,1.3,-1e-14,0.65,0.0233
3.3,5.59873e-08,-5.62324e-08,1.3,-4e-14,0.7,0.031506
3.3,7.23396e-08,-7.26712e-08,1.3,-1e-14,0.75,0.040818
3.3,8.99884e-08,-9.03259e-08,1.3,1e-14,0.8,0.051334
3.3,1.097788e-07,-1.09973e-07,1.3,3e-14,0.85,0.063272
3.3,1.31846e-07,-1.32322e-07,1.3,2e-14,0.9,0.076542
3.3,1.54779e-07,-1.5518e-07,1.3,4e-14,0.95,0.09112
3.3,1.77973e-07,-1.78449e-07,1.3,4e-14,1.0,0.106072
3.3,2.0299e-07,-2.03249e-07,1.3,1e-14,1.05,0.122368
3.3,2.28511e-07,-2.28832e-07,1.3,3e-14,1.1,0.139998
3.3,2.55786e-07,-2.56162e-07,1.3,3e-14,1.15,0.15932
3.3,2.82704e-07,-2.83212e-07,1.3,6e-14,1.2,0.17911
3.3,3.10846e-07,-3.11301e-07,1.3,5e-14,1.25,0.2001
3.3,3.39841e-07,-3.40372e-07,1.3,1e-14,1.3,0.223302
3.3,3.68357e-07,-3.68594e-07,1.3,1e-14,1.35,0.247254
3.3,3.96549e-07,-3.96573e-07,1.3,1e-14,1.4,0.27176
3.3,4.25105e-07,-4.25258e-07,1.3,3e-14,1.45,0.298334
3.3,4.52973e-07,-4.53223e-07,1.3,-2e-14,1.5,0.326232
3.3,4.79913e-07,-4.80323e-07,1.3,2e-14,1.55,0.355228
3.3,5.06653e-07,-5.06943e-07,1.3,1e-14,1.6,0.38574
3.3,5.31517e-07,-5.31346e-07,1.3,0.0,1.65,0.416944
3.3,5.54915e-07,-5.55214e-07,1.3,2e-14,1.7,0.44897
3.3,5.77731e-07,-5.77924e-07,1.3,2e-14,1.75,0.48409
3.3,5.9881e-07,-5.9944e-07,1.3,0.0,1.8,0.519264
3.3,6.17916e-07,-6.18515e-07,1.3,0.0,1.85,0.557008
3.3,6.35151e-07,-6.35454e-07,1.3,1e-14,1.9,0.596552
3.3,6.50073e-07,-6.50302e-07,1.3,0.0,1.95,0.637026
3.3,6.63136e-07,-6.6342e-07,1.3,0.0,2.0,0.68012
3.3,6.7354e-07,-6.73761e-07,1.3,1e-14,2.05,0.7225
3.3,6.82312e-07,-6.82329e-07,1.3,3e-14,2.1,0.767446
3.3,6.89339e-07,-6.8974e-07,1.3,5e-14,2.15,0.814986
3.3,6.95052e-07,-6.94928e-07,1.3,1e-14,2.2,0.861342
3.3,6.99556e-07,-6.99714e-07,1.3,2e-14,2.25,0.908102
3.3,7.03451e-07,-7.03468e-07,1.3,2e-14,2.3,0.95535
3.3,7.06587e-07,-7.06794e-07,1.3,5e-14,2.35,1.003636
3.3,7.09585e-07,-7.09493e-07,1.3,2e-14,2.4,1.052016
3.3,7.12042e-07,-7.11912e-07,1.3,3e-14,2.45,1.100286
3.3,7.14473e-07,-7.14472e-07,1.3,2e-14,2.5,1.147206
3.3,7.16607e-07,-7.16643e-07,1.3,2e-14,2.55,1.19594
3.3,7.18363e-07,-7.18347e-07,1.3,0.0,2.6,1.244028
3.3,7.20217e-07,-7.20557e-07,1.3,-1e-14,2.65,1.29246
3.3,7.22069e-07,-7.22007e-07,1.3,1e-14,2.7,1.339574
3.3,7.23697e-07,-7.23618e-07,1.3,1e-14,2.75,1.387592
3.3,7.25215e-07,-7.25342e-07,1.3,3e-14,2.8,1.43696
3.3,7.26876e-07,-7.26867e-07,1.3,0.0,2.85,1.484346
3.3,7.28421e-07,-7.28583e-07,1.3,-1e-14,2.9,1.528588
3.3,7.29477e-07,-7.29737e-07,1.3,3e-14,2.95,1.577816
3.3,7.31067e-07,-7.31111e-07,1.3,2e-14,3.0,1.626632
3.3,-2.88e-12,-1.799e-11,1.4,0.0,0.0,8.4e-05
3.3,-3.1e-12,-1.67e-11,1.4,0.0,0.05,8e-05
3.3,2.5e-13,-1.843e-11,1.4,2e-14,0.1,8e-05
3.3,2.41e-12,-1.803e-11,1.4,3e-14,0.15,7.8e-05
3.3,5.5e-12,-2.319e-11,1.4,2e-14,0.2,8.6e-05
3.3,2.521e-11,-4.275e-11,1.4,3e-14,0.25,9.2e-05
3.3,1.2752e-10,-1.4192e-10,1.4,2e-14,0.3,0.000144
3.3,5.3444e-10,-5.475e-10,1.4,2e-14,0.35,0.000344
3.3,1.84266e-09,-1.85098e-09,1.4,1e-14,0.4,0.000958
3.3,4.90985e-09,-4.92667e-09,1.4,6e-14,0.45,0.002476
3.3,1.054614e-08,-1.054858e-08,1.4,3e-14,0.5,0.005218
3.3,1.89219e-08,-1.89776e-08,1.4,-1e-14,0.55,0.00907
3.3,3.01211e-08,-3.02388e-08,1.4,2e-14,0.6,0.014428
3.3,4.32529e-08,-4.34737e-08,1.4,5e-14,0.65,0.020764
3.3,5.79872e-08,-5.81745e-08,1.4,1e-14,0.7,0.02794
3.3,7.48196e-08,-7.50382e-08,1.4,5e-14,0.75,0.03617
3.3,9.33713e-08,-9.36334e-08,1.4,1e-14,0.8,0.045454
3.3,1.141699e-07,-1.14292e-07,1.4,1e-14,0.85,0.055892
3.3,1.37163e-07,-1.3762e-07,1.4,5e-14,0.9,0.067576
3.3,1.60969e-07,-1.61539e-07,1.4,-1e-14,0.95,0.08037
3.3,1.86538e-07,-1.86763e-07,1.4,6e-14,1.0,0.09381
3.3,2.14095e-07,-2.14533e-07,1.4,2e-14,1.05,0.108824
3.3,2.42246e-07,-2.42814e-07,1.4,0.0,1.1,0.124898
3.3,2.72276e-07,-2.7287e-07,1.4,2e-14,1.15,0.141894
3.3,3.02671e-07,-3.03593e-07,1.4,1e-14,1.2,0.159968
3.3,3.34097e-07,-3.34529e-07,1.4,0.0,1.25,0.178924
3.3,3.65924e-07,-3.66318e-07,1.4,5e-14,1.3,0.199138
3.3,3.98154e-07,-3.9867e-07,1.4,-1e-14,1.35,0.220294
3.3,4.30751e-07,-4.31297e-07,1.4,3e-14,1.4,0.242416
3.3,4.64036e-07,-4.64348e-07,1.4,1e-14,1.45,0.266
3.3,4.96585e-07,-4.97736e-07,1.4,2e-14,1.5,0.290242
3.3,5.29994e-07,-5.30513e-07,1.4,3e-14,1.55,0.316364
3.3,5.62249e-07,-5.62718e-07,1.4,5e-14,1.6,0.343228
3.3,5.93518e-07,-5.94208e-07,1.4,1e-14,1.65,0.36991
3.3,6.251e-07,-6.2557e-07,1.4,2e-14,1.7,0.399484
3.3,6.55385e-07,-6.56542e-07,1.4,7e-14,1.75,0.429596
3.3,6.85389e-07,-6.85946e-07,1.4,3e-14,1.8,0.461912
3.3,7.13298e-07,-7.13777e-07,1.4,1e-14,1.85,0.49415
3.3,7.39712e-07,-7.39926e-07,1.4,0.0,1.9,0.52845
3.3,7.6421e-07,-7.6451e-07,1.4,2e-14,1.95,0.564182
3.3,7.87057e-07,-7.87909e-07,1.4,-1e-14,2.0,0.60024
3.3,8.07692e-07,-8.08054e-07,1.4,4e-14,2.05,0.63903
3.3,8.26505e-07,-8.26848e-07,1.4,5e-14,2.1,0.678224
3.3,8.42669e-07,-8.43103e-07,1.4,1e-14,2.15,0.71909
3.3,8.56852e-07,-8.57228e-07,1.4,1e-14,2.2,0.761028
3.3,8.68972e-07,-8.69228e-07,1.4,3e-14,2.25,0.805284
3.3,8.79163e-07,-8.7927e-07,1.4,0.0,2.3,0.850154
3.3,8.87324e-07,-8.87264e-07,1.4,1e-14,2.35,0.89653
3.3,8.94302e-07,-8.94277e-07,1.4,2e-14,2.4,0.94289
3.3,8.99608e-07,-8.99757e-07,1.4,1e-14,2.45,0.988644
3.3,9.04834e-07,-9.04523e-07,1.4,1e-14,2.5,1.035608
3.3,9.08717e-07,-9.08655e-07,1.4,2e-14,2.55,1.083366
3.3,9.11975e-07,-9.12251e-07,1.4,5e-14,2.6,1.130998
3.3,9.15458e-07,-9.15377e-07,1.4,2e-14,2.65,1.180012
3.3,9.17677e-07,-9.17959e-07,1.4,1e-14,2.7,1.228642
3.3,9.20717e-07,-9.20673e-07,1.4,2e-14,2.75,1.276006
3.3,9.23322e-07,-9.23317e-07,1.4,3e-14,2.8,1.324266
3.3,9.25364e-07,-9.25335e-07,1.4,-1e-14,2.85,1.37122
3.3,9.27403e-07,-9.27268e-07,1.4,2e-14,2.9,1.416792
3.3,9.29542e-07,-9.29619e-07,1.4,2e-14,2.95,1.466248
3.3,9.3153e-07,-9.31635e-07,1.4,0.0,3.0,1.514046
3.3,-2.9e-12,-1.862e-11,1.5,2e-14,0.0,7.8e-05
3.3,-8e-14,-1.79e-11,1.5,3e-14,0.05,8e-05
3.3,4.07e-12,-1.758e-11,1.5,4e-14,0.1,7.8e-05
3.3,6.04e-12,-1.835e-11,1.5,-3e-14,0.15,8.2e-05
3.3,9.96e-12,-2.171e-11,1.5,2e-14,0.2,7.8e-05
3.3,2.743e-11,-4.168e-11,1.5,1e-14,0.25,9e-05
3.3,1.2799e-10,-1.4212e-10,1.5,6e-14,0.3,0.00013
3.3,5.3197e-10,-5.4894e-10,1.5,5e-14,0.35,0.000306
3.3,1.83498e-09,-1.8538e-09,1.5,3e-14,0.4,0.000844
3.3,4.95992e-09,-4.9667e-09,1.5,3e-14,0.45,0.002198
3.3,1.06951e-08,-1.071551e-08,1.5,2e-14,0.5,0.004638
3.3,1.93872e-08,-1.937e-08,1.5,2e-14,0.55,0.008114
3.3,3.09897e-08,-3.0995e-08,1.5,2e-14,0.6,0.012944
3.3,4.42238e-08,-4.44345e-08,1.5,1e-14,0.65,0.018428
3.3,5.9713e-08,-5.98439e-08,1.5,3e-14,0.7,0.02499
3.3,7.69792e-08,-7.74075e-08,1.5,4e-14,0.75,0.032388
3.3,9.66224e-08,-9.67998e-08,1.5,4e-14,0.8,0.04078
3.3,1.18748e-07,-1.19961e-07,1.5,1e-14,0.85,0.050288
3.3,1.42905e-07,-1.43191e-07,1.5,2e-14,0.9,0.061092
3.3,1.68249e-07,-1.68593e-07,1.5,3e-14,0.95,0.072478
3.3,1.94865e-07,-1.95814e-07,1.5,2e-14,1.0,0.08472
3.3,2.24448e-07,-2.24804e-07,1.5,2e-14,1.05,0.098514
3.3,2.54992e-07,-2.55628e-07,1.5,3e-14,1.1,0.112948
3.3,2.8718e-07,-2.8748e-07,1.5,2e-14,1.15,0.128374
3.3,3.19309e-07,-3.19972e-07,1.5,0.0,1.2,0.144442
3.3,3.53875e-07,-3.551e-07,1.5,4e-14,1.25,0.161808
3.3,3.89302e-07,-3.90206e-07,1.5,3e-14,1.3,0.180358
3.3,4.25216e-07,-4.2604e-07,1.5,-1e-14,1.35,0.199754
3.3,4.62307e-07,-4.62997e-07,1.5,-2e-14,1.4,0.219888
3.3,4.99416e-07,-5.00029e-07,1.5,-1e-14,1.45,0.241224
3.3,5.36821e-07,-5.37469e-07,1.5,1e-14,1.5,0.262916
3.3,5.74772e-07,-5.75212e-07,1.5,4e-14,1.55,0.286596
3.3,6.11976e-07,-6.13189e-07,1.5,4e-14,1.6,0.310308
3.3,6.49777e-07,-6.50152e-07,1.5,2e-14,1.65,0.335736
3.3,6.87245e-07,-6.87984e-07,1.5,2e-14,1.7,0.361988
3.3,7.24664e-07,-7.25533e-07,1.5,-3e-14,1.75,0.389714
3.3,7.60786e-07,-7.61759e-07,1.5,-1e-14,1.8,0.41772
3.3,7.96447e-07,-7.96512e-07,1.5,3e-14,1.85,0.44714
3.3,8.29743e-07,-8.29979e-07,1.5,5e-14,1.9,0.476804
3.3,8.63173e-07,-8.64063e-07,1.5,0.0,1.95,0.508396
3.3,8.95573e-07,-8.9599e-07,1.5,2e-14,2.0,0.541732
3.3,9.26007e-07,-9.26198e-07,1.5,3e-14,2.05,0.57486
3.3,9.55113e-07,-9.55356e-07,1.5,3e-14,2.1,0.610312
3.3,9.82068e-07,-9.82327e-07,1.5,4e-14,2.15,0.64738
3.3,1.00678e-06,-1.007201e-06,1.5,4e-14,2.2,0.684836
3.3,1.029436e-06,-1.029505e-06,1.5,4e-14,2.25,0.72317
3.3,1.04926e-06,-1.049099e-06,1.5,-1e-14,2.3,0.76402
3.3,1.066674e-06,-1.066358e-06,1.5,0.0,2.35,0.804238
3.3,1.081741e-06,-1.08208e-06,1.5,3e-14,2.4,0.84656
3.3,1.095378e-06,-1.095334e-06,1.5,4e-14,2.45,0.890484
3.3,1.105585e-06,-1.105961e-06,1.5,3e-14,2.5,0.933634
3.3,1.11464e-06,-1.115e-06,1.5,0.0,2.55,0.978506
3.3,1.12231e-06,-1.12294e-06,1.5,4e-14,2.6,1.024584
3.3,1.12916e-06,-1.12945e-06,1.5,-1e-14,2.65,1.073364
3.3,1.13466e-06,-1.13496e-06,1.5,1e-14,2.7,1.119122
3.3,1.13936e-06,-1.1398e-06,1.5,1e-14,2.75,1.167192
3.3,1.14392e-06,-1.14359e-06,1.5,1e-14,2.8,1.213936
3.3,1.14746e-06,-1.14774e-06,1.5,1e-14,2.85,1.261038
3.3,1.15074e-06,-1.15084e-06,1.5,0.0,2.9,1.306186
3.3,1.15366e-06,-1.15434e-06,1.5,4e-14,2.95,1.354232
3.3,1.157e-06,-1.15733e-06,1.5,6e-14,3.0,1.403588
3.3,-6.09e-12,-1.681e-11,1.6,0.0,0.0,8.8e-05
3.3,4.43e-12,-1.536e-11,1.6,-2e-14,0.05,7.8e-05
3.3,4.79e-12,-1.472e-11,1.6,3e-14,0.1,7.6e-05
3.3,5.29e-12,-1.22e-11,1.6,2e-14,0.15,7.4e-05
3.3,6.54e-12,-1.868e-11,1.6,3e-14,0.2,7.4e-05
3.3,2.567e-11,-3.931e-11,1.6,4e-14,0.25,8.4e-05
3.3,1.2522e-10,-1.3873e-10,1.6,5e-14,0.3,0.000126
3.3,5.3425e-10,-5.3937e-10,1.6,0.0,0.35,0.00028
3.3,1.84817e-09,-1.84564e-09,1.6,2e-14,0.4,0.00075
3.3,4.96529e-09,-4.97242e-09,1.6,1e-14,0.45,0.00196
3.3,1.078165e-08,-1.077186e-08,1.6,0.0,0.5,0.004138
3.3,1.95426e-08,-1.95673e-08,1.6,3e-14,0.55,0.007252
3.3,3.14223e-08,-3.14859e-08,1.6,-3e-14,0.6,0.011598
3.3,4.52555e-08,-4.54938e-08,1.6,4e-14,0.65,0.01669
3.3,6.09507e-08,-6.12943e-08,1.6,3e-14,0.7,0.022522
3.3,7.8953e-08,-7.94984e-08,1.6,3e-14,0.75,0.029286
3.3,9.90943e-08,-9.94614e-08,1.6,3e-14,0.8,0.036852
3.3,1.22728e-07,-1.23359e-07,1.6,2e-14,0.85,0.045674
3.3,1.47667e-07,-1.48102e-07,1.6,0.0,0.9,0.05561
3.3,1.74538e-07,-1.75216e-07,1.6,3e-14,0.95,0.066038
3.3,2.0275e-07,-2.03149e-07,1.6,1e-14,1.0,0.077264
3.3,2.33371e-07,-2.3385e-07,1.6,3e-14,1.05,0.089486
3.3,2.65517e-07,-2.66182e-07,1.6,3e-14,1.1,0.102736
3.3,2.99237e-07,-2.99975e-07,1.6,3e-14,1.15,0.116766
3.3,3.34317e-07,-3.35179e-07,1.6,1e-14,1.2,0.131564
3.3,3.71283e-07,-3.72235e-07,1.6,5e-14,1.25,0.1476
3.3,4.09484e-07,-4.10594e-07,1.6,-3e-14,1.3,0.164388
3.3,4.49249e-07,-4.49996e-07,1.6,3e-14,1.35,0.182488
3.3,4.88329e-07,-4.8933e-07,1.6,3e-14,1.4,0.20037
3.3,5.29861e-07,-5.30491e-07,1.6,3e-14,1.45,0.219972
3.3,5.71278e-07,-5.71979e-07,1.6,4e-14,1.5,0.240466
3.3,6.14199e-07,-6.14675e-07,1.6,0.0,1.55,0.26201
3.3,6.56236e-07,-6.57629e-07,1.6,-1e-14,1.6,0.2839
3.3,6.97749e-07,-6.98417e-07,1.6,7e-14,1.65,0.306266
3.3,7.40971e-07,-7.42054e-07,1.6,1e-14,1.7,0.330626
3.3,7.83164e-07,-7.84295e-07,1.6,2e-14,1.75,0.355114
3.3,8.25102e-07,-8.26033e-07,1.6,5e-14,1.8,0.380478
3.3,8.66566e-07,-8.67138e-07,1.6,1e-14,1.85,0.40674
3.3,9.08729e-07,-9.09705e-07,1.6,1e-14,1.9,0.43481
3.3,9.49545e-07,-9.5022e-07,1.6,0.0,1.95,0.463104
3.3,9.88857e-07,-9.90199e-07,1.6,4e-14,2.0,0.49276
3.3,1.027692e-06,-1.028423e-06,1.6,5e-14,2.05,0.523116
3.3,1.064924e-06,-1.065662e-06,1.6,3e-14,2.1,0.554506
3.3,1.101355e-06,-1.102057e-06,1.6,1e-14,2.15,0.587146
3.3,1.135924e-06,-1.136139e-06,1.6,2e-14,2.2,0.621362
3.3,1.16802e-06,-1.16828e-06,1.6,0.0,2.25,0.655024
3.3,1.19916e-06,-1.1998e-06,1.6,-1e-14,2.3,0.690722
3.3,1.2278e-06,-1.22779e-06,1.6,4e-14,2.35,0.728608
3.3,1.25485e-06,-1.25542e-06,1.6,2e-14,2.4,0.766444
3.3,1.27803e-06,-1.27878e-06,1.6,3e-14,2.45,0.805364
3.3,1.29921e-06,-1.29935e-06,1.6,1e-14,2.5,0.844932
3.3,1.31818e-06,-1.31813e-06,1.6,2e-14,2.55,0.88542
3.3,1.33419e-06,-1.33448e-06,1.6,3e-14,2.6,0.928084
3.3,1.34866e-06,-1.34872e-06,1.6,3e-14,2.65,0.970132
3.3,1.36104e-06,-1.36112e-06,1.6,2e-14,2.7,1.01504
3.3,1.37153e-06,-1.37177e-06,1.6,2e-14,2.75,1.058544
3.3,1.38084e-06,-1.38113e-06,1.6,5e-14,2.8,1.107746
3.3,1.38813e-06,-1.38828e-06,1.6,1e-14,2.85,1.152168
3.3,1.39447e-06,-1.3948e-06,1.6,5e-14,2.9,1.198518
3.3,1.40032e-06,-1.40053e-06,1.6,6e-14,2.95,1.244768
3.3,1.4051e-06,-1.40488e-06,1.6,1e-14,3.0,1.291672
3.3,-1.45e-12,-1.819e-11,1.7,2e-14,0.0,8e-05
3.3,2.93e-12,-1.808e-11,1.7,0.0,0.05,8e-05
3.3,2.17e-12,-1.664e-11,1.7,1e-14,0.1,7.6e-05
3.3,2.45e-12,-1.851e-11,1.7,3e-14,0.15,8e-05
3.3,5.94e-12,-2.255e-11,1.7,0.0,0.2,7.8e-05
3.3,2.474e-11,-4.163e-11,1.7,-1e-14,0.25,8.6e-05
3.3,1.2502e-10,-1.379e-10,1.7,2e-14,0.3,0.000118
3.3,5.2111e-10,-5.4075e-10,1.7,-1e-14,0.35,0.000262
3.3,1.83586e-09,-1.83494e-09,1.7,-1e-14,0.4,0.000678
3.3,4.95259e-09,-4.96831e-09,1.7,3e-14,0.45,0.001752
3.3,1.082162e-08,-1.081191e-08,1.7,5e-14,0.5,0.003726
3.3,1.97123e-08,-1.97157e-08,1.7,2e-14,0.55,0.006542
3.3,3.19324e-08,-3.20059e-08,1.7,-1e-14,0.6,0.010528
3.3,4.61368e-08,-4.63884e-08,1.7,5e-14,0.65,0.015204
3.3,6.23444e-08,-6.2675e-08,1.7,1e-14,0.7,0.020566
3.3,8.11701e-08,-8.15691e-08,1.7,0.0,0.75,0.026794
3.3,1.015717e-07,-1.021101e-07,1.7,2e-14,0.8,0.033706
3.3,1.26186e-07,-1.26598e-07,1.7,1e-14,0.85,0.041818
3.3,1.5182e-07,-1.5232e-07,1.7,0.0,0.9,0.0508
3.3,1.79194e-07,-1.79754e-07,1.7,1e-14,0.95,0.06029
3.3,2.08009e-07,-2.08577e-07,1.7,-1e-14,1.0,0.070458
3.3,2.39457e-07,-2.39949e-07,1.7,4e-14,1.05,0.08147
3.3,2.73512e-07,-2.74198e-07,1.7,1e-14,1.1,0.093646
3.3,3.10101e-07,-3.11177e-07,1.7,2e-14,1.15,0.106994
3.3,3.46964e-07,-3.47894e-07,1.7,2e-14,1.2,0.120556
3.3,3.8537e-07,-3.86387e-07,1.7,1e-14,1.25,0.13499
3.3,4.2584e-07,-4.26897e-07,1.7,0.0,1.3,0.150404
3.3,4.68163e-07,-4.69239e-07,1.7,0.0,1.35,0.16684
3.3,5.10537e-07,-5.11314e-07,1.7,-1e-14,1.4,0.184004
3.3,5.54069e-07,-5.54951e-07,1.7,4e-14,1.45,0.201434
3.3,5.98903e-07,-6.00106e-07,1.7,2e-14,1.5,0.219868
3.3,6.44515e-07,-6.45377e-07,1.7,1e-14,1.55,0.239612
3.3,6.90388e-07,-6.91509e-07,1.7,0.0,1.6,0.259662
3.3,7.37102e-07,-7.38029e-07,1.7,-1e-14,1.65,0.280674
3.3,7.84515e-07,-7.85189e-07,1.7,3e-14,1.7,0.302982
3.3,8.32749e-07,-8.33176e-07,1.7,4e-14,1.75,0.325482
3.3,8.79756e-07,-8.80891e-07,1.7,3e-14,1.8,0.349128
3.3,9.27481e-07,-9.28588e-07,1.7,0.0,1.85,0.37355
3.3,9.75415e-07,-9.76026e-07,1.7,2e-14,1.9,0.39883
3.3,1.021494e-06,-1.021879e-06,1.7,0.0,1.95,0.424792
3.3,1.06849e-06,-1.069269e-06,1.7,0.0,2.0,0.451276
3.3,1.114009e-06,-1.114658e-06,1.7,4e-14,2.05,0.478402
3.3,1.16078e-06,-1.16256e-06,1.7,2e-14,2.1,0.508078
3.3,1.20585e-06,-1.2066e-06,1.7,1e-14,2.15,0.538838
3.3,1.24812e-06,-1.24875e-06,1.7,3e-14,2.2,0.56927
3.3,1.28838e-06,-1.28965e-06,1.7,4e-14,2.25,0.598936
3.3,1.33055e-06,-1.33126e-06,1.7,0.0,2.3,0.632102
3.3,1.36846e-06,-1.36892e-06,1.7,3e-14,2.35,0.664904
3.3,1.40566e-06,-1.40609e-06,1.7,6e-14,2.4,0.699294
3.3,1.43961e-06,-1.44046e-06,1.7,3e-14,2.45,0.73448
3.3,1.47336e-06,-1.47362e-06,1.7,3e-14,2.5,0.770904
3.3,1.50293e-06,-1.50359e-06,1.7,3e-14,2.55,0.808542
3.3,1.53102e-06,-1.53171e-06,1.7,0.0,2.6,0.846356
3.3,1.55824e-06,-1.55871e-06,1.7,5e-14,2.65,0.885264
3.3,1.58074e-06,-1.58096e-06,1.7,4e-14,2.7,0.925978
3.3,1.60151e-06,-1.60167e-06,1.7,-1e-14,2.75,0.966414
3.3,1.61968e-06,-1.62002e-06,1.7,1e-14,2.8,1.010092
3.3,1.63555e-06,-1.63597e-06,1.7,5e-14,2.85,1.054046
3.3,1.64851e-06,-1.64857e-06,1.7,-1e-14,2.9,1.096542
3.3,1.6592e-06,-1.65881e-06,1.7,1e-14,2.95,1.140892
3.3,1.66957e-06,-1.66923e-06,1.7,2e-14,3.0,1.183422
3.3,3e-13,-1.632e-11,1.8,1e-14,0.0,8.2e-05
3.3,4.8e-13,-1.567e-11,1.8,2e-14,0.05,8e-05
3.3,3.04e-12,-1.831e-11,1.8,0.0,0.1,8.4e-05
3.3,3.91e-12,-1.977e-11,1.8,1e-14,0.15,7.8e-05
3.3,5.43e-12,-2.272e-11,1.8,0.0,0.2,7.8e-05
3.3,2.536e-11,-4.26e-11,1.8,4e-14,0.25,8.6e-05
3.3,1.2181e-10,-1.3749e-10,1.8,2e-14,0.3,0.000114
3.3,5.2181e-10,-5.3583e-10,1.8,3e-14,0.35,0.00024
3.3,1.81682e-09,-1.82932e-09,1.8,4e-14,0.4,0.000616
3.3,4.93636e-09,-4.94972e-09,1.8,4e-14,0.45,0.001592
3.3,1.082181e-08,-1.082708e-08,1.8,1e-14,0.5,0.003378
3.3,1.98314e-08,-1.98419e-08,1.8,1e-14,0.55,0.005936
3.3,3.21686e-08,-3.22558e-08,1.8,-1e-14,0.6,0.009564
3.3,4.68119e-08,-4.69825e-08,1.8,4e-14,0.65,0.013884
3.3,6.31657e-08,-6.34684e-08,1.8,0.0,0.7,0.018782
3.3,8.21335e-08,-8.24804e-08,1.8,0.0,0.75,0.02441
3.3,1.030987e-07,-1.036805e-07,1.8,0.0,0.8,0.030748
3.3,1.27935e-07,-1.28817e-07,1.8,-1e-14,0.85,0.038036
3.3,1.54437e-07,-1.54791e-07,1.8,-5e-14,0.9,0.04642
3.3,1.83062e-07,-1.83216e-07,1.8,1e-14,0.95,0.055122
3.3,2.12718e-07,-2.13304e-07,1.8,2e-14,1.0,0.064532
3.3,2.45282e-07,-2.46037e-07,1.8,2e-14,1.05,0.074768
3.3,2.80363e-07,-2.81163e-07,1.8,0.0,1.1,0.085832
3.3,3.17752e-07,-3.18502e-07,1.8,2e-14,1.15,0.097778
3.3,3.56028e-07,-3.56463e-07,1.8,2e-14,1.2,0.110384
3.3,3.97227e-07,-3.98116e-07,1.8,1e-14,1.25,0.12411
3.3,4.39932e-07,-4.40441e-07,1.8,6e-14,1.3,0.138256
3.3,4.83738e-07,-4.84238e-07,1.8,1e-14,1.35,0.15333
3.3,5.28638e-07,-5.29529e-07,1.8,3e-14,1.4,0.16894
3.3,5.75546e-07,-5.76809e-07,1.8,0.0,1.45,0.185452
3.3,6.24127e-07,-6.24993e-07,1.8,0.0,1.5,0.203134
3.3,6.73174e-07,-6.73407e-07,1.8,6e-14,1.55,0.22111
3.3,7.23043e-07,-7.24226e-07,1.8,3e-14,1.6,0.239912
3.3,7.73871e-07,-7.74556e-07,1.8,-1e-14,1.65,0.259126
3.3,8.25134e-07,-8.26161e-07,1.8,1e-14,1.7,0.279826
3.3,8.76628e-07,-8.77845e-07,1.8,2e-14,1.75,0.300582
3.3,9.29185e-07,-9.30235e-07,1.8,2e-14,1.8,0.322312
3.3,9.79673e-07,-9.80276e-07,1.8,-2e-14,1.85,0.344666
3.3,1.033609e-06,-1.034772e-06,1.8,2e-14,1.9,0.367348
3.3,1.08598e-06,-1.087735e-06,1.8,7e-14,1.95,0.391802
3.3,1.139875e-06,-1.14059e-06,1.8,5e-14,2.0,0.417094
3.3,1.19231e-06,-1.19361e-06,1.8,-2e-14,2.05,0.44251
3.3,1.24381e-06,-1.2444e-06,1.8,4e-14,2.1,0.469092
3.3,1.29574e-06,-1.296e-06,1.8,1e-14,2.15,0.496552
3.3,1.34725e-06,-1.34783e-06,1.8,5e-14,2.2,0.524188
3.3,1.39612e-06,-1.39765e-06,1.8,0.0,2.25,0.553092
3.3,1.44513e-06,-1.44683e-06,1.8,5e-14,2.3,0.583082
3.3,1.49213e-06,-1.493e-06,1.8,2e-14,2.35,0.612884
3.3,1.53878e-06,-1.53942e-06,1.8,1e-14,2.4,0.64478
3.3,1.58402e-06,-1.58436e-06,1.8,1e-14,2.45,0.67622
3.3,1.62656e-06,-1.62694e-06,1.8,1e-14,2.5,0.708752
3.3,1.66761e-06,-1.66823e-06,1.8,1e-14,2.55,0.742656
3.3,1.70552e-06,-1.7058e-06,1.8,2e-14,2.6,0.777538
3.3,1.74288e-06,-1.74353e-06,1.8,3e-14,2.65,0.81236
3.3,1.77749e-06,-1.77885e-06,1.8,5e-14,2.7,0.84884
3.3,1.81086e-06,-1.81054e-06,1.8,3e-14,2.75,0.885618
3.3,1.84018e-06,-1.84128e-06,1.8,2e-14,2.8,0.923746
3.3,1.86785e-06,-1.86886e-06,1.8,2e-14,2.85,0.962926
3.3,1.89319e-06,-1.8928e-06,1.8,-2e-14,2.9,1.002068
3.3,1.91471e-06,-1.91463e-06,1.8,2e-14,2.95,1.045162
3.3,1.93405e-06,-1.93441e-06,1.8,2e-14,3.0,1.08514
3.3,-9.3e-13,-1.513e-11,1.9,3e-14,0.0,0.0001
3.3,-7.7e-13,-1.505e-11,1.9,3e-14,0.05,7.2e-05
3.3,-6e-13,-1.553e-11,1.9,0.0,0.1,7.6e-05
3.3,-1.31e-12,-1.715e-11,1.9,-3e-14,0.15,7.2e-05
3.3,2.04e-12,-1.886e-11,1.9,1e-14,0.2,8.2e-05
3.3,2.424e-11,-4.001e-11,1.9,0.0,0.25,8e-05
3.3,1.2063e-10,-1.3466e-10,1.9,0.0,0.3,0.000108
3.3,5.2308e-10,-5.3325e-10,1.9,2e-14,0.35,0.000218
3.3,1.81264e-09,-1.82091e-09,1.9,2e-14,0.4,0.000566
3.3,4.96031e-09,-4.95468e-09,1.9,2e-14,0.45,0.001456
3.3,1.086659e-08,-1.085986e-08,1.9,0.0,0.5,0.003088
3.3,1.99029e-08,-1.99453e-08,1.9,2e-14,0.55,0.005428
3.3,3.24244e-08,-3.24982e-08,1.9,3e-14,0.6,0.008764
3.3,4.70615e-08,-4.72117e-08,1.9,0.0,0.65,0.012668
3.3,6.37951e-08,-6.40785e-08,1.9,0.0,0.7,0.017174
3.3,8.31636e-08,-8.36013e-08,1.9,-1e-14,0.75,0.022402
3.3,1.0465e-07,-1.050243e-07,1.9,2e-14,0.8,0.02828
3.3,1.29824e-07,-1.3103e-07,1.9,0.0,0.85,0.035118
3.3,1.57325e-07,-1.57628e-07,1.9,0.0,0.9,0.042856
3.3,1.8618e-07,-1.86734e-07,1.9,4e-14,0.95,0.050818
3.3,2.17081e-07,-2.18181e-07,1.9,2e-14,1.0,0.059502
3.3,2.51251e-07,-2.52231e-07,1.9,4e-14,1.05,0.069124
3.3,2.8817e-07,-2.89005e-07,1.9,4e-14,1.1,0.079568
3.3,3.27169e-07,-3.2772e-07,1.9,2e-14,1.15,0.090968
3.3,3.65991e-07,-3.6734e-07,1.9,2e-14,1.2,0.102474
3.3,4.09041e-07,-4.09297e-07,1.9,2e-14,1.25,0.11504
3.3,4.5277e-07,-4.53515e-07,1.9,4e-14,1.3,0.12809
3.3,4.9953e-07,-5.00045e-07,1.9,3e-14,1.35,0.14232
3.3,5.45683e-07,-5.46239e-07,1.9,-2e-14,1.4,0.156688
3.3,5.95735e-07,-5.96405e-07,1.9,0.0,1.45,0.172216
3.3,6.45872e-07,-6.46656e-07,1.9,2e-14,1.5,0.188134
3.3,6.97839e-07,-6.98607e-07,1.9,4e-14,1.55,0.205102
3.3,7.52156e-07,-7.52721e-07,1.9,2e-14,1.6,0.222694
3.3,8.05237e-07,-8.05879e-07,1.9,2e-14,1.65,0.240644
3.3,8.60099e-07,-8.60969e-07,1.9,6e-14,1.7,0.259622
3.3,9.16555e-07,-9.16899e-07,1.9,4e-14,1.75,0.279194
3.3,9.71756e-07,-9.72941e-07,1.9,6e-14,1.8,0.299072
3.3,1.02883e-06,-1.031348e-06,1.9,4e-14,1.85,0.319588
3.3,1.087488e-06,-1.087617e-06,1.9,6e-14,1.9,0.342044
3.3,1.14434e-06,-1.14645e-06,1.9,3e-14,1.95,0.364064
3.3,1.20263e-06,-1.20394e-06,1.9,1e-14,2.0,0.387284
3.3,1.26059e-06,-1.26108e-06,1.9,0.0,2.05,0.411376
3.3,1.31892e-06,-1.31977e-06,1.9,-1e-14,2.1,0.435758
3.3,1.3774e-06,-1.37851e-06,1.9,4e-14,2.15,0.460882
3.3,1.435e-06,-1.43567e-06,1.9,3e-14,2.2,0.487208
3.3,1.49107e-06,-1.49135e-06,1.9,2e-14,2.25,0.513618
3.3,1.54535e-06,-1.54686e-06,1.9,5e-14,2.3,0.53983
3.3,1.60076e-06,-1.60237e-06,1.9,2e-14,2.35,0.568412
3.3,1.65549e-06,-1.65542e-06,1.9,2e-14,2.4,0.59719
3.3,1.709e-06,-1.71005e-06,1.9,3e-14,2.45,0.626568
3.3,1.76065e-06,-1.7605e-06,1.9,3e-14,2.5,0.656466
3.3,1.80977e-06,-1.81035e-06,1.9,1e-14,2.55,0.687074
3.3,1.86019e-06,-1.86113e-06,1.9,0.0,2.6,0.719036
3.3,1.90826e-06,-1.90928e-06,1.9,2e-14,2.65,0.75228
3.3,1.95124e-06,-1.95207e-06,1.9,2e-14,2.7,0.784494
3.3,1.99412e-06,-1.99476e-06,1.9,3e-14,2.75,0.81833
3.3,2.03644e-06,-2.03686e-06,1.9,3e-14,2.8,0.852884
3.3,2.07527e-06,-2.07617e-06,1.9,2e-14,2.85,0.88824
3.3,2.11102e-06,-2.11193e-06,1.9,4e-14,2.9,0.92337
3.3,2.14722e-06,-2.14799e-06,1.9,2e-14,2.95,0.962284
3.3,2.17859e-06,-2.17868e-06,1.9,2e-14,3.0,1.000458
3.3,7.2e-13,-1.585e-11,2.0,0.0,0.0,7.6e-05
3.3,1.97e-12,-1.496e-11,2.0,3e-14,0.05,7.2e-05
3.3,6.1e-13,-1.462e-11,2.0,2e-14,0.1,7.4e-05
3.3,1.35e-12,-1.389e-11,2.0,4e-14,0.15,7.4e-05
3.3,5.31e-12,-1.87e-11,2.0,2e-14,0.2,7.6e-05
3.3,2.485e-11,-3.889e-11,2.0,-1e-14,0.25,7.6e-05
3.3,1.1989e-10,-1.3329e-10,2.0,2e-14,0.3,0.000106
3.3,5.1296e-10,-5.2082e-10,2.0,4e-14,0.35,0.000204
3.3,1.78569e-09,-1.79171e-09,2.0,2e-14,0.4,0.000518
3.3,4.88186e-09,-4.89791e-09,2.0,1e-14,0.45,0.00132
3.3,1.074924e-08,-1.075985e-08,2.0,2e-14,0.5,0.002804
3.3,1.98211e-08,-1.98344e-08,2.0,0.0,0.55,0.004932
3.3,3.2332e-08,-3.24339e-08,2.0,3e-14,0.6,0.007956
3.3,4.69826e-08,-4.71795e-08,2.0,1e-14,0.65,0.011572
3.3,6.39933e-08,-6.42412e-08,2.0,1e-14,0.7,0.015784
3.3,8.32744e-08,-8.37234e-08,2.0,4e-14,0.75,0.02052
3.3,1.05266e-07,-1.055895e-07,2.0,-1e-14,0.8,0.02595
3.3,1.31134e-07,-1.32002e-07,2.0,1e-14,0.85,0.032226
3.3,1.58416e-07,-1.58873e-07,2.0,5e-14,0.9,0.039332
3.3,1.88527e-07,-1.8893e-07,2.0,-1e-14,0.95,0.046902
3.3,2.20356e-07,-2.20795e-07,2.0,0.0,1.0,0.05497
3.3,2.54874e-07,-2.55145e-07,2.0,2e-14,1.05,0.063982
3.3,2.91571e-07,-2.92679e-07,2.0,1e-14,1.1,0.07351
3.3,3.31588e-07,-3.323e-07,2.0,2e-14,1.15,0.083874
3.3,3.72664e-07,-3.73552e-07,2.0,0.0,1.2,0.094682
3.3,4.1665e-07,-4.17327e-07,2.0,2e-14,1.25,0.106416
3.3,4.62637e-07,-4.63189e-07,2.0,6e-14,1.3,0.118802
3.3,5.10322e-07,-5.11013e-07,2.0,2e-14,1.35,0.131868
3.3,5.58532e-07,-5.59373e-07,2.0,0.0,1.4,0.145222
3.3,6.10115e-07,-6.11411e-07,2.0,-1e-14,1.45,0.159464
3.3,6.63151e-07,-6.63633e-07,2.0,-2e-14,1.5,0.174586
3.3,7.17285e-07,-7.18009e-07,2.0,0.0,1.55,0.190154
3.3,7.7284e-07,-7.74189e-07,2.0,1e-14,1.6,0.206788
3.3,8.29615e-07,-8.30082e-07,2.0,2e-14,1.65,0.223466
3.3,8.90746e-07,-8.91743e-07,2.0,-2e-14,1.7,0.24163
3.3,9.50398e-07,-9.52425e-07,2.0,4e-14,1.75,0.260224
3.3,1.009341e-06,-1.011284e-06,2.0,0.0,1.8,0.279128
3.3,1.069713e-06,-1.070999e-06,2.0,3e-14,1.85,0.29843
3.3,1.131761e-06,-1.13347e-06,2.0,1e-14,1.9,0.31871
3.3,1.198e-06,-1.20132e-06,2.0,2e-14,1.95,0.340794
3.3,1.26109e-06,-1.26202e-06,2.0,1e-14,2.0,0.362788
3.3,1.32221e-06,-1.32322e-06,2.0,2e-14,2.05,0.384036
3.3,1.38668e-06,-1.38771e-06,2.0,5e-14,2.1,0.407152
3.3,1.451e-06,-1.45209e-06,2.0,5e-14,2.15,0.431286
3.3,1.51349e-06,-1.5135e-06,2.0,0.0,2.2,0.454954
3.3,1.57668e-06,-1.57767e-06,2.0,4e-14,2.25,0.480022
3.3,1.63661e-06,-1.63778e-06,2.0,1e-14,2.3,0.50446
3.3,1.69942e-06,-1.69986e-06,2.0,6e-14,2.35,0.530386
3.3,1.75901e-06,-1.76026e-06,2.0,4e-14,2.4,0.556882
3.3,1.81919e-06,-1.8199e-06,2.0,2e-14,2.45,0.584082
3.3,1.87993e-06,-1.87987e-06,2.0,3e-14,2.5,0.611488
3.3,1.93863e-06,-1.94034e-06,2.0,7e-14,2.55,0.640168
3.3,1.99804e-06,-1.99962e-06,2.0,2e-14,2.6,0.670398
3.3,2.05545e-06,-2.05691e-06,2.0,2e-14,2.65,0.701796
3.3,2.1095e-06,-2.10969e-06,2.0,1e-14,2.7,0.731938
3.3,2.16168e-06,-2.16365e-06,2.0,-1e-14,2.75,0.763262
3.3,2.21469e-06,-2.21632e-06,2.0,0.0,2.8,0.795986
3.3,2.26584e-06,-2.26612e-06,2.0,2e-14,2.85,0.829232
3.3,2.31069e-06,-2.31172e-06,2.0,2e-14,2.9,0.86125
3.3,2.35365e-06,-2.35527e-06,2.0,0.0,2.95,0.893966
3.3,2.39874e-06,-2.39923e-06,2.0,2e-14,3.0,0.926856
