,Vgate,Vdrain,Idrain,IdMax,Vth@Id,block,time_s,IdMax_filled
422, -3, 0.1, -3.0000000000000002E-15,1.41212e-06, 3,1, 1,1.41212e-06
423, -2.95, 0.1, 1.2000000000000001E-14,, 3,1, 1,1.41212e-06
424, -2.9, 0.1, -1.89E-13,, 3,1, 1,1.41212e-06
425, -2.85, 0.1, -1.63E-13,, 3,1, 1,1.41212e-06
426, -2.8000000000000003, 0.1, -2.5200000000000004E-13,, 3,1, 1,1.41212e-06
427, -2.75, 0.1, -9.5000000000000012E-14,, 3,1, 1,1.41212e-06
428, -2.7, 0.1, -5.700000000000001E-14,, 3,1, 1,1.41212e-06
429, -2.65, 0.1, -1.48E-13,, 3,1, 1,1.41212e-06
430, -2.6, 0.1, -1.4500000000000001E-13,, 3,1, 1,1.41212e-06
431, -2.5500000000000003, 0.1, -1.53E-13,, 3,1, 1,1.41212e-06
432, -2.5, 0.1, -1.3700000000000002E-13,, 3,1, 1,1.41212e-06
433, -2.45, 0.1, -1.4900000000000002E-13,, 3,1, 1,1.41212e-06
434, -2.4, 0.1, -1.76E-13,, 3,1, 1,1.41212e-06
435, -2.35, 0.1, -1.58E-13,, 3,1, 1,1.41212e-06
436, -2.3000000000000003, 0.1, -1.6800000000000002E-13,, 3,1, 1,1.41212e-06
437, -2.25, 0.1, -1.5500000000000002E-13,, 3,1, 1,1.41212e-06
438, -2.2, 0.1, -1.7800000000000002E-13,, 3,1, 1,1.41212e-06
439, -2.15, 0.1, -1.5100000000000001E-13,, 3,1, 1,1.41212e-06
440, -2.1, 0.1, -4.3000000000000006E-14,, 3,1, 1,1.41212e-06
441, -2.05, 0.1, -5.4000000000000003E-14,, 3,1, 1,1.41212e-06
442, -2, 0.1, -1.3900000000000001E-13,, 3,1, 1,1.41212e-06
443, -1.95, 0.1, -1.82E-13,, 3,1, 1,1.41212e-06
444, -1.9000000000000001, 0.1, -1.3100000000000002E-13,, 3,1, 1,1.41212e-06
445, -1.85, 0.1, -1.35E-13,, 3,1, 1,1.41212e-06
446, -1.8, 0.1, -1.7400000000000002E-13,, 3,1, 1,1.41212e-06
447, -1.75, 0.1, -1.93E-13,, 3,1, 1,1.41212e-06
448, -1.7, 0.1, -1.41E-13,, 3,1, 1,1.41212e-06
449, -1.6500000000000001, 0.1, -9.5000000000000012E-14,, 3,1, 1,1.41212e-06
450, -1.6, 0.1, -1.52E-13,, 3,1, 1,1.41212e-06
451, -1.55, 0.1, -1.5600000000000002E-13,, 3,1, 1,1.41212e-06
452, -1.5, 0.1, -2.5200000000000004E-13,, 3,1, 1,1.41212e-06
453, -1.45, 0.1, -1.16E-13,, 3,1, 1,1.41212e-06
454, -1.4000000000000001, 0.1, -1.77E-13,, 3,1, 1,1.41212e-06
455, -1.35, 0.1, -1.53E-13,, 3,1, 1,1.41212e-06
456, -1.3, 0.1, -1.88E-13,, 3,1, 1,1.41212e-06
457, -1.25, 0.1, -1.76E-13,, 3,1, 1,1.41212e-06
458, -1.2, 0.1, -1.81E-13,, 3,1, 1,1.41212e-06
459, -1.1500000000000001, 0.1, -1.24E-13,, 3,1, 1,1.41212e-06
460, -1.1, 0.1, -2.06E-13,, 3,1, 1,1.41212e-06
461, -1.05, 0.1, -1.29E-13,, 3,1, 1,1.41212e-06
462, -1, 0.1, -1.42E-13,, 3,1, 1,1.41212e-06
463, -0.95000000000000007, 0.1, -1.81E-13,, 3,1, 1,1.41212e-06
464, -0.9, 0.1, -6.8E-14,, 3,1, 1,1.41212e-06
465, -0.85, 0.1, -2.45E-13,, 3,1, 1,1.41212e-06
466, -0.8, 0.1, -2.18E-13,, 3,1, 1,1.41212e-06
467, -0.75, 0.1, -1.75E-13,, 3,1, 1,1.41212e-06
468, -0.70000000000000007, 0.1, -2.71E-13,, 3,1, 1,1.41212e-06
469, -0.65, 0.1, -1.3700000000000002E-13,, 3,1, 1,1.41212e-06
470, -0.6, 0.1, -2.2900000000000003E-13,, 3,1, 1,1.41212e-06
471, -0.55, 0.1, -1.34E-13,, 3,1, 1,1.41212e-06
472, -0.5, 0.1, -1.59E-13,, 3,1, 1,1.41212e-06
473, -0.45, 0.1, -1.88E-13,, 3,1, 1,1.41212e-06
474, -0.4, 0.1, -1.81E-13,, 3,1, 1,1.41212e-06
475, -0.35000000000000003, 0.1, -2.0400000000000001E-13,, 3,1, 1,1.41212e-06
476, -0.3, 0.1, -1.4500000000000001E-13,, 3,1, 1,1.41212e-06
477, -0.25, 0.1, -2.0900000000000002E-13,, 3,1, 1,1.41212e-06
478, -0.2, 0.1, -2.43E-13,, 3,1, 1,1.41212e-06
479, -0.15, 0.1, -6.0000000000000009E-14,, 3,1, 1,1.41212e-06
480, -0.1, 0.1, -1.22E-13,, 3,1, 1,1.41212e-06
481, -0.05, 0.1, -1.9100000000000002E-13,, 3,1, 1,1.41212e-06
482, 0, 0.1, -3.43E-13,, 3,1, 1,1.41212e-06
483, 0.05, 0.1, -3.5E-13,, 3,1, 1,1.41212e-06
484, 0.1, 0.1, -2.49E-13,, 3,1, 1,1.41212e-06
485, 0.15, 0.1, -3.03E-13,, 3,1, 1,1.41212e-06
486, 0.2, 0.1, -3.8500000000000003E-13,, 3,1, 1,1.41212e-06
487, 0.25, 0.1, -4.33E-13,, 3,1, 1,1.41212e-06
488, 0.3, 0.1, -3.63E-13,, 3,1, 1,1.41212e-06
489, 0.35000000000000003, 0.1, -3.0900000000000005E-13,, 3,1, 1,1.41212e-06
490, 0.4, 0.1, -4.64E-13,, 3,1, 1,1.41212e-06
491, 0.45, 0.1, -2.93E-13,, 3,1, 1,1.41212e-06
492, 0.5, 0.1, -3.51E-13,, 3,1, 1,1.41212e-06
493, 0.55, 0.1, -4.34E-13,, 3,1, 1,1.41212e-06
494, 0.6, 0.1, -3.9200000000000005E-13,, 3,1, 1,1.41212e-06
495, 0.65, 0.1, -4.0700000000000003E-13,, 3,1, 1,1.41212e-06
496, 0.70000000000000007, 0.1, -2.58E-13,, 3,1, 1,1.41212e-06
497, 0.75, 0.1, -3.41E-13,, 3,1, 1,1.41212e-06
498, 0.8, 0.1, -4.1800000000000004E-13,, 3,1, 1,1.41212e-06
499, 0.85, 0.1, -3.9500000000000003E-13,, 3,1, 1,1.41212e-06
500, 0.9, 0.1, -4.23E-13,, 3,1, 1,1.41212e-06
501, 0.95000000000000007, 0.1, -3.41E-13,, 3,1, 1,1.41212e-06
502, 1, 0.1, -3.0000000000000003E-13,, 3,1, 1,1.41212e-06
503, 1.05, 0.1, -2.1400000000000002E-13,, 3,1, 1,1.41212e-06
504, 1.1, 0.1, -3.3200000000000005E-13,, 3,1, 1,1.41212e-06
505, 1.1500000000000001, 0.1, -1.76E-13,, 3,1, 1,1.41212e-06
506, 1.2, 0.1, 1.3860000000000002E-12,, 3,1, 1,1.41212e-06
507, 1.25, 0.1, 1.1030000000000001E-11,, 3,1, 1,1.41212e-06
508, 1.3, 0.1, 6.9189E-11,, 3,1, 1,1.41212e-06
509, 1.35, 0.1, 3.6577700000000003E-10,, 3,1, 1,1.41212e-06
510, 1.4000000000000001, 0.1, 1.5499E-09,, 3,1, 1,1.41212e-06
511, 1.45, 0.1, 5.07977E-09,, 3,1, 1,1.41212e-06
512, 1.5, 0.1, 1.3178199999999998E-08,, 3,1, 1,1.41212e-06
513, 1.55, 0.1, 2.7424999999999996E-08,, 3,1, 1,1.41212e-06
514, 1.6, 0.1, 4.7933599999999996E-08,, 3,1, 1,1.41212e-06
515, 1.6500000000000001, 0.1, 7.4023799999999991E-08,, 3,1, 1,1.41212e-06
516, 1.7, 0.1, 1.0420239999999999E-07,, 3,1, 1,1.41212e-06
517, 1.75, 0.1, 1.37396E-07,, 3,1, 1,1.41212e-06
518, 1.8, 0.1, 1.73239E-07,, 3,1, 1,1.41212e-06
519, 1.85, 0.1, 2.1094E-07,, 3,1, 1,1.41212e-06
520, 1.9000000000000001, 0.1, 2.50331E-07,, 3,1, 1,1.41212e-06
521, 1.95, 0.1, 2.9134999999999997E-07,, 3,1, 1,1.41212e-06
522, 2, 0.1, 3.33711E-07,, 3,1, 1,1.41212e-06
523, 2.05, 0.1, 3.77437E-07,, 3,1, 1,1.41212e-06
524, 2.1, 0.1, 4.2269899999999997E-07,, 3,1, 1,1.41212e-06
525, 2.15, 0.1, 4.69092E-07,, 3,1, 1,1.41212e-06
526, 2.2, 0.1, 5.16732E-07,, 3,1, 1,1.41212e-06
527, 2.25, 0.1, 5.65661E-07,, 3,1, 1,1.41212e-06
528, 2.3000000000000003, 0.1, 6.15592E-07,, 3,1, 1,1.41212e-06
529, 2.35, 0.1, 6.66549E-07,, 3,1, 1,1.41212e-06
530, 2.4, 0.1, 7.18611E-07,, 3,1, 1,1.41212e-06
531, 2.45, 0.1, 7.72157E-07,, 3,1, 1,1.41212e-06
532, 2.5, 0.1, 8.26433E-07,, 3,1, 1,1.41212e-06
533, 2.5500000000000003, 0.1, 8.81616E-07,, 3,1, 1,1.41212e-06
534, 2.6, 0.1, 9.376E-07,, 3,1, 1,1.41212e-06
535, 2.65, 0.1, 9.94361E-07,, 3,1, 1,1.41212e-06
536, 2.7, 0.1, 1.051923E-06,, 3,1, 1,1.41212e-06
537, 2.75, 0.1, 1.110502E-06,, 3,1, 1,1.41212e-06
538, 2.8000000000000003, 0.1, 1.1689300000000001E-06,, 3,1, 1,1.41212e-06
539, 2.85, 0.1, 1.22874E-06,, 3,1, 1,1.41212e-06
540, 2.9, 0.1, 1.28906E-06,, 3,1, 1,1.41212e-06
541, 2.95, 0.1, 1.3502500000000001E-06,, 3,1, 1,1.41212e-06
542, 3, 0.1, 1.4121200000000001E-06,, 3,1, 1,1.41212e-06
803, -3, 0.1, 5.0000000000000008E-15,1.4601000000000002e-06, 3,2, 10,1.4601000000000002e-06
804, -2.95, 0.1, -2.0200000000000002E-13,, 3,2, 10,1.4601000000000002e-06
805, -2.9, 0.1, -6.9000000000000009E-14,, 3,2, 10,1.4601000000000002e-06
806, -2.85, 0.1, -4.4E-14,, 3,2, 10,1.4601000000000002e-06
807, -2.8000000000000003, 0.1, -1.7E-13,, 3,2, 10,1.4601000000000002e-06
808, -2.75, 0.1, -9.9000000000000007E-14,, 3,2, 10,1.4601000000000002e-06
809, -2.7, 0.1, -4.7E-14,, 3,2, 10,1.4601000000000002e-06
810, -2.65, 0.1, -2.0100000000000003E-13,, 3,2, 10,1.4601000000000002e-06
811, -2.6, 0.1, -1.25E-13,, 3,2, 10,1.4601000000000002e-06
812, -2.5500000000000003, 0.1, -1.0500000000000001E-13,, 3,2, 10,1.4601000000000002e-06
813, -2.5, 0.1, -1.25E-13,, 3,2, 10,1.4601000000000002e-06
814, -2.45, 0.1, -1.3200000000000002E-13,, 3,2, 10,1.4601000000000002e-06
815, -2.4, 0.1, -1.1000000000000001E-13,, 3,2, 10,1.4601000000000002e-06
816, -2.35, 0.1, -1.46E-13,, 3,2, 10,1.4601000000000002e-06
817, -2.3000000000000003, 0.1, -1.4900000000000002E-13,, 3,2, 10,1.4601000000000002e-06
818, -2.25, 0.1, -1.47E-13,, 3,2, 10,1.4601000000000002e-06
819, -2.2, 0.1, -1.6600000000000003E-13,, 3,2, 10,1.4601000000000002e-06
820, -2.15, 0.1, -1.3900000000000001E-13,, 3,2, 10,1.4601000000000002e-06
821, -2.1, 0.1, -1.65E-13,, 3,2, 10,1.4601000000000002e-06
822, -2.05, 0.1, -1.9600000000000002E-13,, 3,2, 10,1.4601000000000002e-06
823, -2, 0.1, -1.59E-13,, 3,2, 10,1.4601000000000002e-06
824, -1.95, 0.1, -1.54E-13,, 3,2, 10,1.4601000000000002e-06
825, -1.9000000000000001, 0.1, -2.48E-13,, 3,2, 10,1.4601000000000002e-06
826, -1.85, 0.1, -3.9000000000000004E-14,, 3,2, 10,1.4601000000000002e-06
827, -1.8, 0.1, -1.5500000000000002E-13,, 3,2, 10,1.4601000000000002e-06
828, -1.75, 0.1, -1.0800000000000001E-13,, 3,2, 10,1.4601000000000002e-06
829, -1.7, 0.1, -1.5000000000000002E-13,, 3,2, 10,1.4601000000000002e-06
830, -1.6500000000000001, 0.1, -1.4300000000000002E-13,, 3,2, 10,1.4601000000000002e-06
831, -1.6, 0.1, -1.9200000000000002E-13,, 3,2, 10,1.4601000000000002e-06
832, -1.55, 0.1, -1.6600000000000003E-13,, 3,2, 10,1.4601000000000002e-06
833, -1.5, 0.1, -4.0000000000000006E-14,, 3,2, 10,1.4601000000000002e-06
834, -1.45, 0.1, -1.83E-13,, 3,2, 10,1.4601000000000002e-06
835, -1.4000000000000001, 0.1, -1.9600000000000002E-13,, 3,2, 10,1.4601000000000002e-06
836, -1.35, 0.1, -1.4900000000000002E-13,, 3,2, 10,1.4601000000000002e-06
837, -1.3, 0.1, -1.22E-13,, 3,2, 10,1.4601000000000002e-06
838, -1.25, 0.1, -8.8E-14,, 3,2, 10,1.4601000000000002e-06
839, -1.2, 0.1, -1.3700000000000002E-13,, 3,2, 10,1.4601000000000002e-06
840, -1.1500000000000001, 0.1, -9.0000000000000008E-14,, 3,2, 10,1.4601000000000002e-06
841, -1.1, 0.1, -1.2600000000000002E-13,, 3,2, 10,1.4601000000000002e-06
842, -1.05, 0.1, -1.7400000000000002E-13,, 3,2, 10,1.4601000000000002e-06
843, -1, 0.1, -1.9200000000000002E-13,, 3,2, 10,1.4601000000000002e-06
844, -0.95000000000000007, 0.1, -1.3E-13,, 3,2, 10,1.4601000000000002e-06
845, -0.9, 0.1, -1.6600000000000003E-13,, 3,2, 10,1.4601000000000002e-06
846, -0.85, 0.1, -1.03E-13,, 3,2, 10,1.4601000000000002e-06
847, -0.8, 0.1, -1.1400000000000002E-13,, 3,2, 10,1.4601000000000002e-06
848, -0.75, 0.1, -2.0100000000000003E-13,, 3,2, 10,1.4601000000000002e-06
849, -0.70000000000000007, 0.1, -8.8E-14,, 3,2, 10,1.4601000000000002e-06
850, -0.65, 0.1, -2.4000000000000004E-13,, 3,2, 10,1.4601000000000002e-06
851, -0.6, 0.1, -1.99E-13,, 3,2, 10,1.4601000000000002e-06
852, -0.55, 0.1, -1.63E-13,, 3,2, 10,1.4601000000000002e-06
853, -0.5, 0.1, -1.69E-13,, 3,2, 10,1.4601000000000002e-06
854, -0.45, 0.1, -2.5E-14,, 3,2, 10,1.4601000000000002e-06
855, -0.4, 0.1, -4.1E-14,, 3,2, 10,1.4601000000000002e-06
856, -0.35000000000000003, 0.1, -1.3700000000000002E-13,, 3,2, 10,1.4601000000000002e-06
857, -0.3, 0.1, -3.7E-14,, 3,2, 10,1.4601000000000002e-06
858, -0.25, 0.1, -1.64E-13,, 3,2, 10,1.4601000000000002e-06
859, -0.2, 0.1, -1.93E-13,, 3,2, 10,1.4601000000000002e-06
860, -0.15, 0.1, -1.1300000000000001E-13,, 3,2, 10,1.4601000000000002e-06
861, -0.1, 0.1, -1.87E-13,, 3,2, 10,1.4601000000000002e-06
862, -0.05, 0.1, -2.7800000000000003E-13,, 3,2, 10,1.4601000000000002e-06
863, 0, 0.1, -2.47E-13,, 3,2, 10,1.4601000000000002e-06
864, 0.05, 0.1, -3.3200000000000005E-13,, 3,2, 10,1.4601000000000002e-06
865, 0.1, 0.1, -2.2200000000000001E-13,, 3,2, 10,1.4601000000000002e-06
866, 0.15, 0.1, -3.1300000000000003E-13,, 3,2, 10,1.4601000000000002e-06
867, 0.2, 0.1, -3.28E-13,, 3,2, 10,1.4601000000000002e-06
868, 0.25, 0.1, -3.2400000000000003E-13,, 3,2, 10,1.4601000000000002e-06
869, 0.3, 0.1, -2.8E-13,, 3,2, 10,1.4601000000000002e-06
870, 0.35000000000000003, 0.1, -2.93E-13,, 3,2, 10,1.4601000000000002e-06
871, 0.4, 0.1, -3.3300000000000005E-13,, 3,2, 10,1.4601000000000002e-06
872, 0.45, 0.1, -4.5500000000000008E-13,, 3,2, 10,1.4601000000000002e-06
873, 0.5, 0.1, -3.97E-13,, 3,2, 10,1.4601000000000002e-06
874, 0.55, 0.1, -3.8100000000000004E-13,, 3,2, 10,1.4601000000000002e-06
875, 0.6, 0.1, -4.4200000000000004E-13,, 3,2, 10,1.4601000000000002e-06
876, 0.65, 0.1, -3.5600000000000005E-13,, 3,2, 10,1.4601000000000002e-06
877, 0.70000000000000007, 0.1, -2.1600000000000001E-13,, 3,2, 10,1.4601000000000002e-06
878, 0.75, 0.1, -3.5900000000000004E-13,, 3,2, 10,1.4601000000000002e-06
879, 0.8, 0.1, -3.39E-13,, 3,2, 10,1.4601000000000002e-06
880, 0.85, 0.1, -4.12E-13,, 3,2, 10,1.4601000000000002e-06
881, 0.9, 0.1, -3.6900000000000004E-13,, 3,2, 10,1.4601000000000002e-06
882, 0.95000000000000007, 0.1, -4.1600000000000004E-13,, 3,2, 10,1.4601000000000002e-06
883, 1, 0.1, -4.0300000000000005E-13,, 3,2, 10,1.4601000000000002e-06
884, 1.05, 0.1, -2.12E-13,, 3,2, 10,1.4601000000000002e-06
885, 1.1, 0.1, -2.0200000000000002E-13,, 3,2, 10,1.4601000000000002e-06
886, 1.1500000000000001, 0.1, 8.8800000000000005E-13,, 3,2, 10,1.4601000000000002e-06
887, 1.2, 0.1, 7.395E-12,, 3,2, 10,1.4601000000000002e-06
888, 1.25, 0.1, 4.8090000000000005E-11,, 3,2, 10,1.4601000000000002e-06
889, 1.3, 0.1, 2.65638E-10,, 3,2, 10,1.4601000000000002e-06
890, 1.35, 0.1, 1.19055E-09,, 3,2, 10,1.4601000000000002e-06
891, 1.4000000000000001, 0.1, 4.08408E-09,, 3,2, 10,1.4601000000000002e-06
892, 1.45, 0.1, 1.104505E-08,, 3,2, 10,1.4601000000000002e-06
893, 1.5, 0.1, 2.40006E-08,, 3,2, 10,1.4601000000000002e-06
894, 1.55, 0.1, 4.3275199999999993E-08,, 3,2, 10,1.4601000000000002e-06
895, 1.6, 0.1, 6.8099199999999991E-08,, 3,2, 10,1.4601000000000002e-06
896, 1.6500000000000001, 0.1, 9.7439999999999991E-08,, 3,2, 10,1.4601000000000002e-06
897, 1.7, 0.1, 1.29813E-07,, 3,2, 10,1.4601000000000002e-06
898, 1.75, 0.1, 1.6479299999999999E-07,, 3,2, 10,1.4601000000000002e-06
899, 1.8, 0.1, 2.01904E-07,, 3,2, 10,1.4601000000000002e-06
900, 1.85, 0.1, 2.40665E-07,, 3,2, 10,1.4601000000000002e-06
901, 1.9000000000000001, 0.1, 2.81002E-07,, 3,2, 10,1.4601000000000002e-06
902, 1.95, 0.1, 3.2299E-07,, 3,2, 10,1.4601000000000002e-06
903, 2, 0.1, 3.6626099999999997E-07,, 3,2, 10,1.4601000000000002e-06
904, 2.05, 0.1, 4.10942E-07,, 3,2, 10,1.4601000000000002e-06
905, 2.1, 0.1, 4.57082E-07,, 3,2, 10,1.4601000000000002e-06
906, 2.15, 0.1, 5.04319E-07,, 3,2, 10,1.4601000000000002e-06
907, 2.2, 0.1, 5.52741E-07,, 3,2, 10,1.4601000000000002e-06
908, 2.25, 0.1, 6.02557E-07,, 3,2, 10,1.4601000000000002e-06
909, 2.3000000000000003, 0.1, 6.53341E-07,, 3,2, 10,1.4601000000000002e-06
910, 2.35, 0.1, 7.0506999999999995E-07,, 3,2, 10,1.4601000000000002e-06
911, 2.4, 0.1, 7.5804E-07,, 3,2, 10,1.4601000000000002e-06
912, 2.45, 0.1, 8.12297E-07,, 3,2, 10,1.4601000000000002e-06
913, 2.5, 0.1, 8.67276E-07,, 3,2, 10,1.4601000000000002e-06
914, 2.5500000000000003, 0.1, 9.23119E-07,, 3,2, 10,1.4601000000000002e-06
915, 2.6, 0.1, 9.7979899999999989E-07,, 3,2, 10,1.4601000000000002e-06
916, 2.65, 0.1, 1.037305E-06,, 3,2, 10,1.4601000000000002e-06
917, 2.7, 0.1, 1.095592E-06,, 3,2, 10,1.4601000000000002e-06
918, 2.75, 0.1, 1.1542400000000002E-06,, 3,2, 10,1.4601000000000002e-06
919, 2.8000000000000003, 0.1, 1.21422E-06,, 3,2, 10,1.4601000000000002e-06
920, 2.85, 0.1, 1.2746100000000001E-06,, 3,2, 10,1.4601000000000002e-06
921, 2.9, 0.1, 1.3357900000000001E-06,, 3,2, 10,1.4601000000000002e-06
922, 2.95, 0.1, 1.3972600000000001E-06,, 3,2, 10,1.4601000000000002e-06
923, 3, 0.1, 1.4601000000000002E-06,, 3,2, 10,1.4601000000000002e-06
1184, -3, 0.1, 1.9E-14,1.5429100000000001e-06, 3,3, 100,1.5429100000000001e-06
1185, -2.95, 0.1, -8.7000000000000008E-14,, 3,3, 100,1.5429100000000001e-06
1186, -2.9, 0.1, -1.4E-13,, 3,3, 100,1.5429100000000001e-06
1187, -2.85, 0.1, -1.1100000000000001E-13,, 3,3, 100,1.5429100000000001e-06
1188, -2.8000000000000003, 0.1, -9.0000000000000008E-14,, 3,3, 100,1.5429100000000001e-06
1189, -2.75, 0.1, -9.9000000000000007E-14,, 3,3, 100,1.5429100000000001e-06
1190, -2.7, 0.1, -1.3200000000000002E-13,, 3,3, 100,1.5429100000000001e-06
1191, -2.65, 0.1, -1.58E-13,, 3,3, 100,1.5429100000000001e-06
1192, -2.6, 0.1, -1.99E-13,, 3,3, 100,1.5429100000000001e-06
1193, -2.5500000000000003, 0.1, -1.5600000000000002E-13,, 3,3, 100,1.5429100000000001e-06
1194, -2.5, 0.1, -7.1E-14,, 3,3, 100,1.5429100000000001e-06
1195, -2.45, 0.1, -9.6000000000000007E-14,, 3,3, 100,1.5429100000000001e-06
1196, -2.4, 0.1, -1.4900000000000002E-13,, 3,3, 100,1.5429100000000001e-06
1197, -2.35, 0.1, -7.7E-14,, 3,3, 100,1.5429100000000001e-06
1198, -2.3000000000000003, 0.1, -1.7400000000000002E-13,, 3,3, 100,1.5429100000000001e-06
1199, -2.25, 0.1, -6.2E-14,, 3,3, 100,1.5429100000000001e-06
1200, -2.2, 0.1, -1.65E-13,, 3,3, 100,1.5429100000000001e-06
1201, -2.15, 0.1, -1.2700000000000001E-13,, 3,3, 100,1.5429100000000001e-06
1202, -2.1, 0.1, -2.5100000000000004E-13,, 3,3, 100,1.5429100000000001e-06
1203, -2.05, 0.1, -1.6200000000000002E-13,, 3,3, 100,1.5429100000000001e-06
1204, -2, 0.1, -1.41E-13,, 3,3, 100,1.5429100000000001e-06
1205, -1.95, 0.1, -5.9E-14,, 3,3, 100,1.5429100000000001e-06
1206, -1.9000000000000001, 0.1, -1.3300000000000001E-13,, 3,3, 100,1.5429100000000001e-06
1207, -1.85, 0.1, -2.23E-13,, 3,3, 100,1.5429100000000001e-06
1208, -1.8, 0.1, -2.0400000000000001E-13,, 3,3, 100,1.5429100000000001e-06
1209, -1.75, 0.1, -5.700000000000001E-14,, 3,3, 100,1.5429100000000001e-06
1210, -1.7, 0.1, -2.6500000000000003E-13,, 3,3, 100,1.5429100000000001e-06
1211, -1.6500000000000001, 0.1, -1.0400000000000001E-13,, 3,3, 100,1.5429100000000001e-06
1212, -1.6, 0.1, -1.2600000000000002E-13,, 3,3, 100,1.5429100000000001e-06
1213, -1.55, 0.1, -1.8000000000000002E-13,, 3,3, 100,1.5429100000000001e-06
1214, -1.5, 0.1, -9.8000000000000012E-14,, 3,3, 100,1.5429100000000001e-06
1215, -1.45, 0.1, -1.3100000000000002E-13,, 3,3, 100,1.5429100000000001e-06
1216, -1.4000000000000001, 0.1, -1.52E-13,, 3,3, 100,1.5429100000000001e-06
1217, -1.35, 0.1, -1.47E-13,, 3,3, 100,1.5429100000000001e-06
1218, -1.3, 0.1, -8.4000000000000008E-14,, 3,3, 100,1.5429100000000001e-06
1219, -1.25, 0.1, -9.1E-14,, 3,3, 100,1.5429100000000001e-06
1220, -1.2, 0.1, -2.2000000000000002E-13,, 3,3, 100,1.5429100000000001e-06
1221, -1.1500000000000001, 0.1, -5.2000000000000006E-14,, 3,3, 100,1.5429100000000001e-06
1222, -1.1, 0.1, -1.63E-13,, 3,3, 100,1.5429100000000001e-06
1223, -1.05, 0.1, -1.9000000000000002E-13,, 3,3, 100,1.5429100000000001e-06
1224, -1, 0.1, -1.46E-13,, 3,3, 100,1.5429100000000001e-06
1225, -0.95000000000000007, 0.1, -1.36E-13,, 3,3, 100,1.5429100000000001e-06
1226, -0.9, 0.1, -5.4000000000000003E-14,, 3,3, 100,1.5429100000000001e-06
1227, -0.85, 0.1, -2.5400000000000003E-13,, 3,3, 100,1.5429100000000001e-06
1228, -0.8, 0.1, -2.23E-13,, 3,3, 100,1.5429100000000001e-06
1229, -0.75, 0.1, -2.5200000000000004E-13,, 3,3, 100,1.5429100000000001e-06
1230, -0.70000000000000007, 0.1, -2.1600000000000001E-13,, 3,3, 100,1.5429100000000001e-06
1231, -0.65, 0.1, -1.7400000000000002E-13,, 3,3, 100,1.5429100000000001e-06
1232, -0.6, 0.1, -2.18E-13,, 3,3, 100,1.5429100000000001e-06
1233, -0.55, 0.1, -3.3E-13,, 3,3, 100,1.5429100000000001e-06
1234, -0.5, 0.1, -8.4000000000000008E-14,, 3,3, 100,1.5429100000000001e-06
1235, -0.45, 0.1, -1.3100000000000002E-13,, 3,3, 100,1.5429100000000001e-06
1236, -0.4, 0.1, -1.52E-13,, 3,3, 100,1.5429100000000001e-06
1237, -0.35000000000000003, 0.1, -2.11E-13,, 3,3, 100,1.5429100000000001e-06
1238, -0.3, 0.1, -2.92E-13,, 3,3, 100,1.5429100000000001e-06
1239, -0.25, 0.1, -1.36E-13,, 3,3, 100,1.5429100000000001e-06
1240, -0.2, 0.1, -8.5E-14,, 3,3, 100,1.5429100000000001e-06
1241, -0.15, 0.1, -1.8500000000000002E-13,, 3,3, 100,1.5429100000000001e-06
1242, -0.1, 0.1, -2.4000000000000004E-13,, 3,3, 100,1.5429100000000001e-06
1243, -0.05, 0.1, -2E-13,, 3,3, 100,1.5429100000000001e-06
1244, 0, 0.1, -3.8100000000000004E-13,, 3,3, 100,1.5429100000000001e-06
1245, 0.05, 0.1, -3.6700000000000005E-13,, 3,3, 100,1.5429100000000001e-06
1246, 0.1, 0.1, -3.4400000000000005E-13,, 3,3, 100,1.5429100000000001e-06
1247, 0.15, 0.1, -3.3400000000000004E-13,, 3,3, 100,1.5429100000000001e-06
1248, 0.2, 0.1, -4.0800000000000003E-13,, 3,3, 100,1.5429100000000001e-06
1249, 0.25, 0.1, -3.78E-13,, 3,3, 100,1.5429100000000001e-06
1250, 0.3, 0.1, -2.9000000000000003E-13,, 3,3, 100,1.5429100000000001e-06
1251, 0.35000000000000003, 0.1, -3.8000000000000005E-13,, 3,3, 100,1.5429100000000001e-06
1252, 0.4, 0.1, -3.2300000000000004E-13,, 3,3, 100,1.5429100000000001e-06
1253, 0.45, 0.1, -1.53E-13,, 3,3, 100,1.5429100000000001e-06
1254, 0.5, 0.1, -3.31E-13,, 3,3, 100,1.5429100000000001e-06
1255, 0.55, 0.1, -4.34E-13,, 3,3, 100,1.5429100000000001e-06
1256, 0.6, 0.1, -2.7E-13,, 3,3, 100,1.5429100000000001e-06
1257, 0.65, 0.1, -2.6400000000000004E-13,, 3,3, 100,1.5429100000000001e-06
1258, 0.70000000000000007, 0.1, -3.1200000000000003E-13,, 3,3, 100,1.5429100000000001e-06
1259, 0.75, 0.1, -3.7900000000000005E-13,, 3,3, 100,1.5429100000000001e-06
1260, 0.8, 0.1, -3.5500000000000005E-13,, 3,3, 100,1.5429100000000001e-06
1261, 0.85, 0.1, -3.3500000000000004E-13,, 3,3, 100,1.5429100000000001e-06
1262, 0.9, 0.1, -2.47E-13,, 3,3, 100,1.5429100000000001e-06
1263, 0.95000000000000007, 0.1, -3.2500000000000003E-13,, 3,3, 100,1.5429100000000001e-06
1264, 1, 0.1, -3.28E-13,, 3,3, 100,1.5429100000000001e-06
1265, 1.05, 0.1, 5.700000000000001E-14,, 3,3, 100,1.5429100000000001e-06
1266, 1.1, 0.1, 1.6790000000000002E-12,, 3,3, 100,1.5429100000000001e-06
1267, 1.1500000000000001, 0.1, 1.3571000000000002E-11,, 3,3, 100,1.5429100000000001e-06
1268, 1.2, 0.1, 8.4904000000000007E-11,, 3,3, 100,1.5429100000000001e-06
1269, 1.25, 0.1, 4.4768600000000005E-10,, 3,3, 100,1.5429100000000001e-06
1270, 1.3, 0.1, 1.8742E-09,, 3,3, 100,1.5429100000000001e-06
1271, 1.35, 0.1, 5.93044E-09,, 3,3, 100,1.5429100000000001e-06
1272, 1.4000000000000001, 0.1, 1.49811E-08,, 3,3, 100,1.5429100000000001e-06
1273, 1.45, 0.1, 3.01794E-08,, 3,3, 100,1.5429100000000001e-06
1274, 1.5, 0.1, 5.1344499999999994E-08,, 3,3, 100,1.5429100000000001e-06
1275, 1.55, 0.1, 7.75428E-08,, 3,3, 100,1.5429100000000001e-06
1276, 1.6, 0.1, 1.0755399999999999E-07,, 3,3, 100,1.5429100000000001e-06
1277, 1.6500000000000001, 0.1, 1.40431E-07,, 3,3, 100,1.5429100000000001e-06
1278, 1.7, 0.1, 1.75612E-07,, 3,3, 100,1.5429100000000001e-06
1279, 1.75, 0.1, 2.12738E-07,, 3,3, 100,1.5429100000000001e-06
1280, 1.8, 0.1, 2.51731E-07,, 3,3, 100,1.5429100000000001e-06
1281, 1.85, 0.1, 2.92217E-07,, 3,3, 100,1.5429100000000001e-06
1282, 1.9000000000000001, 0.1, 3.34235E-07,, 3,3, 100,1.5429100000000001e-06
1283, 1.95, 0.1, 3.77864E-07,, 3,3, 100,1.5429100000000001e-06
1284, 2, 0.1, 4.2273E-07,, 3,3, 100,1.5429100000000001e-06
1285, 2.05, 0.1, 4.6892E-07,, 3,3, 100,1.5429100000000001e-06
1286, 2.1, 0.1, 5.16559E-07,, 3,3, 100,1.5429100000000001e-06
1287, 2.15, 0.1, 5.6531E-07,, 3,3, 100,1.5429100000000001e-06
1288, 2.2, 0.1, 6.1518E-07,, 3,3, 100,1.5429100000000001e-06
1289, 2.25, 0.1, 6.6645E-07,, 3,3, 100,1.5429100000000001e-06
1290, 2.3000000000000003, 0.1, 7.18615E-07,, 3,3, 100,1.5429100000000001e-06
1291, 2.35, 0.1, 7.71898E-07,, 3,3, 100,1.5429100000000001e-06
1292, 2.4, 0.1, 8.26108E-07,, 3,3, 100,1.5429100000000001e-06
1293, 2.45, 0.1, 8.8149199999999994E-07,, 3,3, 100,1.5429100000000001e-06
1294, 2.5, 0.1, 9.3745499999999995E-07,, 3,3, 100,1.5429100000000001e-06
1295, 2.5500000000000003, 0.1, 9.94388E-07,, 3,3, 100,1.5429100000000001e-06
1296, 2.6, 0.1, 1.052157E-06,, 3,3, 100,1.5429100000000001e-06
1297, 2.65, 0.1, 1.110884E-06,, 3,3, 100,1.5429100000000001e-06
1298, 2.7, 0.1, 1.1708400000000001E-06,, 3,3, 100,1.5429100000000001e-06
1299, 2.75, 0.1, 1.23112E-06,, 3,3, 100,1.5429100000000001e-06
1300, 2.8000000000000003, 0.1, 1.2919900000000002E-06,, 3,3, 100,1.5429100000000001e-06
1301, 2.85, 0.1, 1.3536900000000002E-06,, 3,3, 100,1.5429100000000001e-06
1302, 2.9, 0.1, 1.4160400000000001E-06,, 3,3, 100,1.5429100000000001e-06
1303, 2.95, 0.1, 1.4791600000000001E-06,, 3,3, 100,1.5429100000000001e-06
1304, 3, 0.1, 1.5429100000000002E-06,, 3,3, 100,1.5429100000000001e-06
1565, -3, 0.1, 1.1400000000000002E-13,1.63768e-06, 3,4, 250,1.63768e-06
1566, -2.95, 0.1, 1E-15,, 3,4, 250,1.63768e-06
1567, -2.9, 0.1, -1.09E-13,, 3,4, 250,1.63768e-06
1568, -2.85, 0.1, -2.4200000000000003E-13,, 3,4, 250,1.63768e-06
1569, -2.8000000000000003, 0.1, -1.64E-13,, 3,4, 250,1.63768e-06
1570, -2.75, 0.1, -9.3000000000000008E-14,, 3,4, 250,1.63768e-06
1571, -2.7, 0.1, -1.6100000000000002E-13,, 3,4, 250,1.63768e-06
1572, -2.65, 0.1, -7.3E-14,, 3,4, 250,1.63768e-06
1573, -2.6, 0.1, -1.54E-13,, 3,4, 250,1.63768e-06
1574, -2.5500000000000003, 0.1, -1.54E-13,, 3,4, 250,1.63768e-06
1575, -2.5, 0.1, -7.1E-14,, 3,4, 250,1.63768e-06
1576, -2.45, 0.1, -1.9600000000000002E-13,, 3,4, 250,1.63768e-06
1577, -2.4, 0.1, -1.65E-13,, 3,4, 250,1.63768e-06
1578, -2.35, 0.1, -1.6600000000000003E-13,, 3,4, 250,1.63768e-06
1579, -2.3000000000000003, 0.1, -5.9E-14,, 3,4, 250,1.63768e-06
1580, -2.25, 0.1, -2.68E-13,, 3,4, 250,1.63768e-06
1581, -2.2, 0.1, -1.7E-13,, 3,4, 250,1.63768e-06
1582, -2.15, 0.1, -1.24E-13,, 3,4, 250,1.63768e-06
1583, -2.1, 0.1, -5.8E-14,, 3,4, 250,1.63768e-06
1584, -2.05, 0.1, -1.4400000000000002E-13,, 3,4, 250,1.63768e-06
1585, -2, 0.1, -1.9700000000000002E-13,, 3,4, 250,1.63768e-06
1586, -1.95, 0.1, -4.7E-14,, 3,4, 250,1.63768e-06
1587, -1.9000000000000001, 0.1, -6.2E-14,, 3,4, 250,1.63768e-06
1588, -1.85, 0.1, -1.6800000000000002E-13,, 3,4, 250,1.63768e-06
1589, -1.8, 0.1, -1.1400000000000002E-13,, 3,4, 250,1.63768e-06
1590, -1.75, 0.1, -4.9000000000000006E-14,, 3,4, 250,1.63768e-06
1591, -1.7, 0.1, -2.1500000000000002E-13,, 3,4, 250,1.63768e-06
1592, -1.6500000000000001, 0.1, -1.76E-13,, 3,4, 250,1.63768e-06
1593, -1.6, 0.1, -2.0700000000000003E-13,, 3,4, 250,1.63768e-06
1594, -1.55, 0.1, -7.5000000000000009E-14,, 3,4, 250,1.63768e-06
1595, -1.5, 0.1, -1.4300000000000002E-13,, 3,4, 250,1.63768e-06
1596, -1.45, 0.1, -7.8000000000000008E-14,, 3,4, 250,1.63768e-06
1597, -1.4000000000000001, 0.1, -2.1900000000000003E-13,, 3,4, 250,1.63768e-06
1598, -1.35, 0.1, -1.77E-13,, 3,4, 250,1.63768e-06
1599, -1.3, 0.1, -9.6000000000000007E-14,, 3,4, 250,1.63768e-06
1600, -1.25, 0.1, -1.6200000000000002E-13,, 3,4, 250,1.63768e-06
1601, -1.2, 0.1, -1.48E-13,, 3,4, 250,1.63768e-06
1602, -1.1500000000000001, 0.1, -1.65E-13,, 3,4, 250,1.63768e-06
1603, -1.1, 0.1, -1.3900000000000001E-13,, 3,4, 250,1.63768e-06
1604, -1.05, 0.1, -2.3000000000000003E-14,, 3,4, 250,1.63768e-06
1605, -1, 0.1, -1.42E-13,, 3,4, 250,1.63768e-06
1606, -0.95000000000000007, 0.1, -2.32E-13,, 3,4, 250,1.63768e-06
1607, -0.9, 0.1, -1.25E-13,, 3,4, 250,1.63768e-06
1608, -0.85, 0.1, -1.1100000000000001E-13,, 3,4, 250,1.63768e-06
1609, -0.8, 0.1, -1.34E-13,, 3,4, 250,1.63768e-06
1610, -0.75, 0.1, -2.6E-13,, 3,4, 250,1.63768e-06
1611, -0.70000000000000007, 0.1, -9.1E-14,, 3,4, 250,1.63768e-06
1612, -0.65, 0.1, -2.34E-13,, 3,4, 250,1.63768e-06
1613, -0.6, 0.1, -1.5600000000000002E-13,, 3,4, 250,1.63768e-06
1614, -0.55, 0.1, -2.1900000000000003E-13,, 3,4, 250,1.63768e-06
1615, -0.5, 0.1, -8.3000000000000012E-14,, 3,4, 250,1.63768e-06
1616, -0.45, 0.1, -2.0300000000000002E-13,, 3,4, 250,1.63768e-06
1617, -0.4, 0.1, -2.2700000000000002E-13,, 3,4, 250,1.63768e-06
1618, -0.35000000000000003, 0.1, -1.12E-13,, 3,4, 250,1.63768e-06
1619, -0.3, 0.1, -1.9100000000000002E-13,, 3,4, 250,1.63768e-06
1620, -0.25, 0.1, -7.7E-14,, 3,4, 250,1.63768e-06
1621, -0.2, 0.1, -1.7E-13,, 3,4, 250,1.63768e-06
1622, -0.15, 0.1, -2.69E-13,, 3,4, 250,1.63768e-06
1623, -0.1, 0.1, -2.37E-13,, 3,4, 250,1.63768e-06
1624, -0.05, 0.1, -1.41E-13,, 3,4, 250,1.63768e-06
1625, 0, 0.1, -3.16E-13,, 3,4, 250,1.63768e-06
1626, 0.05, 0.1, -3.31E-13,, 3,4, 250,1.63768e-06
1627, 0.1, 0.1, -3.4600000000000004E-13,, 3,4, 250,1.63768e-06
1628, 0.15, 0.1, -3.9400000000000004E-13,, 3,4, 250,1.63768e-06
1629, 0.2, 0.1, -3.1300000000000003E-13,, 3,4, 250,1.63768e-06
1630, 0.25, 0.1, -3.2300000000000004E-13,, 3,4, 250,1.63768e-06
1631, 0.3, 0.1, -3.4500000000000004E-13,, 3,4, 250,1.63768e-06
1632, 0.35000000000000003, 0.1, -2.9800000000000004E-13,, 3,4, 250,1.63768e-06
1633, 0.4, 0.1, -3.6100000000000003E-13,, 3,4, 250,1.63768e-06
1634, 0.45, 0.1, -2.7500000000000004E-13,, 3,4, 250,1.63768e-06
1635, 0.5, 0.1, -3.31E-13,, 3,4, 250,1.63768e-06
1636, 0.55, 0.1, -4.66E-13,, 3,4, 250,1.63768e-06
1637, 0.6, 0.1, -3.8200000000000004E-13,, 3,4, 250,1.63768e-06
1638, 0.65, 0.1, -3.51E-13,, 3,4, 250,1.63768e-06
1639, 0.70000000000000007, 0.1, -3.2400000000000003E-13,, 3,4, 250,1.63768e-06
1640, 0.75, 0.1, -3.0200000000000003E-13,, 3,4, 250,1.63768e-06
1641, 0.8, 0.1, -2.8900000000000003E-13,, 3,4, 250,1.63768e-06
1642, 0.85, 0.1, -3.2500000000000003E-13,, 3,4, 250,1.63768e-06
1643, 0.9, 0.1, -2.5400000000000003E-13,, 3,4, 250,1.63768e-06
1644, 0.95000000000000007, 0.1, -1.48E-13,, 3,4, 250,1.63768e-06
1645, 1, 0.1, 5.19E-13,, 3,4, 250,1.63768e-06
1646, 1.05, 0.1, 5.356E-12,, 3,4, 250,1.63768e-06
1647, 1.1, 0.1, 3.7202E-11,, 3,4, 250,1.63768e-06
1648, 1.1500000000000001, 0.1, 2.1595700000000002E-10,, 3,4, 250,1.63768e-06
1649, 1.2, 0.1, 1.0169450000000002E-09,, 3,4, 250,1.63768e-06
1650, 1.25, 0.1, 3.70767E-09,, 3,4, 250,1.63768e-06
1651, 1.3, 0.1, 1.016029E-08,, 3,4, 250,1.63768e-06
1652, 1.35, 0.1, 2.2549599999999998E-08,, 3,4, 250,1.63768e-06
1653, 1.4000000000000001, 0.1, 4.1017599999999995E-08,, 3,4, 250,1.63768e-06
1654, 1.45, 0.1, 6.492589999999999E-08,, 3,4, 250,1.63768e-06
1655, 1.5, 0.1, 9.2924399999999987E-08,, 3,4, 250,1.63768e-06
1656, 1.55, 0.1, 1.23971E-07,, 3,4, 250,1.63768e-06
1657, 1.6, 0.1, 1.57647E-07,, 3,4, 250,1.63768e-06
1658, 1.6500000000000001, 0.1, 1.93489E-07,, 3,4, 250,1.63768e-06
1659, 1.7, 0.1, 2.31051E-07,, 3,4, 250,1.63768e-06
1660, 1.75, 0.1, 2.70324E-07,, 3,4, 250,1.63768e-06
1661, 1.8, 0.1, 3.1135E-07,, 3,4, 250,1.63768e-06
1662, 1.85, 0.1, 3.53764E-07,, 3,4, 250,1.63768e-06
1663, 1.9000000000000001, 0.1, 3.97653E-07,, 3,4, 250,1.63768e-06
1664, 1.95, 0.1, 4.43122E-07,, 3,4, 250,1.63768e-06
1665, 2, 0.1, 4.8974599999999994E-07,, 3,4, 250,1.63768e-06
1666, 2.05, 0.1, 5.37712E-07,, 3,4, 250,1.63768e-06
1667, 2.1, 0.1, 5.87097E-07,, 3,4, 250,1.63768e-06
1668, 2.15, 0.1, 6.37453E-07,, 3,4, 250,1.63768e-06
1669, 2.2, 0.1, 6.88978E-07,, 3,4, 250,1.63768e-06
1670, 2.25, 0.1, 7.4174E-07,, 3,4, 250,1.63768e-06
1671, 2.3000000000000003, 0.1, 7.95465E-07,, 3,4, 250,1.63768e-06
1672, 2.35, 0.1, 8.50105E-07,, 3,4, 250,1.63768e-06
1673, 2.4, 0.1, 9.05843E-07,, 3,4, 250,1.63768e-06
1674, 2.45, 0.1, 9.62644E-07,, 3,4, 250,1.63768e-06
1675, 2.5, 0.1, 1.020202E-06,, 3,4, 250,1.63768e-06
1676, 2.5500000000000003, 0.1, 1.07857E-06,, 3,4, 250,1.63768e-06
1677, 2.6, 0.1, 1.137818E-06,, 3,4, 250,1.63768e-06
1678, 2.65, 0.1, 1.1980500000000001E-06,, 3,4, 250,1.63768e-06
1679, 2.7, 0.1, 1.2586800000000002E-06,, 3,4, 250,1.63768e-06
1680, 2.75, 0.1, 1.32036E-06,, 3,4, 250,1.63768e-06
1681, 2.8000000000000003, 0.1, 1.3825400000000002E-06,, 3,4, 250,1.63768e-06
1682, 2.85, 0.1, 1.4454000000000002E-06,, 3,4, 250,1.63768e-06
1683, 2.9, 0.1, 1.5087900000000002E-06,, 3,4, 250,1.63768e-06
1684, 2.95, 0.1, 1.57275E-06,, 3,4, 250,1.63768e-06
1685, 3, 0.1, 1.63768E-06,, 3,4, 250,1.63768e-06
1946, -3, 0.1, -5.3E-14,1.7066900000000005e-06, 3,5, 500,1.7066900000000005e-06
1947, -2.95, 0.1, -7.7E-14,, 3,5, 500,1.7066900000000005e-06
1948, -2.9, 0.1, -5.3E-14,, 3,5, 500,1.7066900000000005e-06
1949, -2.85, 0.1, -1.5600000000000002E-13,, 3,5, 500,1.7066900000000005e-06
1950, -2.8000000000000003, 0.1, -8.0000000000000013E-14,, 3,5, 500,1.7066900000000005e-06
1951, -2.75, 0.1, -2.2500000000000003E-13,, 3,5, 500,1.7066900000000005e-06
1952, -2.7, 0.1, -1.9100000000000002E-13,, 3,5, 500,1.7066900000000005e-06
1953, -2.65, 0.1, 4.7E-14,, 3,5, 500,1.7066900000000005e-06
1954, -2.6, 0.1, -1.69E-13,, 3,5, 500,1.7066900000000005e-06
1955, -2.5500000000000003, 0.1, -1.8000000000000002E-13,, 3,5, 500,1.7066900000000005e-06
1956, -2.5, 0.1, 8E-15,, 3,5, 500,1.7066900000000005e-06
1957, -2.45, 0.1, -3.2200000000000004E-13,, 3,5, 500,1.7066900000000005e-06
1958, -2.4, 0.1, -2.2100000000000002E-13,, 3,5, 500,1.7066900000000005e-06
1959, -2.35, 0.1, -1.0400000000000001E-13,, 3,5, 500,1.7066900000000005e-06
1960, -2.3000000000000003, 0.1, -1.93E-13,, 3,5, 500,1.7066900000000005e-06
1961, -2.25, 0.1, -1.4900000000000002E-13,, 3,5, 500,1.7066900000000005e-06
1962, -2.2, 0.1, -1.3E-13,, 3,5, 500,1.7066900000000005e-06
1963, -2.15, 0.1, -2.5300000000000003E-13,, 3,5, 500,1.7066900000000005e-06
1964, -2.1, 0.1, -1.34E-13,, 3,5, 500,1.7066900000000005e-06
1965, -2.05, 0.1, -1.81E-13,, 3,5, 500,1.7066900000000005e-06
1966, -2, 0.1, -2.2100000000000002E-13,, 3,5, 500,1.7066900000000005e-06
1967, -1.95, 0.1, -1.71E-13,, 3,5, 500,1.7066900000000005e-06
1968, -1.9000000000000001, 0.1, -1.4300000000000002E-13,, 3,5, 500,1.7066900000000005e-06
1969, -1.85, 0.1, -1.87E-13,, 3,5, 500,1.7066900000000005e-06
1970, -1.8, 0.1, -2.0100000000000003E-13,, 3,5, 500,1.7066900000000005e-06
1971, -1.75, 0.1, -1.4E-13,, 3,5, 500,1.7066900000000005e-06
1972, -1.7, 0.1, -1.1400000000000002E-13,, 3,5, 500,1.7066900000000005e-06
1973, -1.6500000000000001, 0.1, -1.28E-13,, 3,5, 500,1.7066900000000005e-06
1974, -1.6, 0.1, -1.4E-13,, 3,5, 500,1.7066900000000005e-06
1975, -1.55, 0.1, -2.1000000000000001E-13,, 3,5, 500,1.7066900000000005e-06
1976, -1.5, 0.1, -1.7300000000000002E-13,, 3,5, 500,1.7066900000000005e-06
1977, -1.45, 0.1, -1.35E-13,, 3,5, 500,1.7066900000000005e-06
1978, -1.4000000000000001, 0.1, -1.7400000000000002E-13,, 3,5, 500,1.7066900000000005e-06
1979, -1.35, 0.1, -1.34E-13,, 3,5, 500,1.7066900000000005e-06
1980, -1.3, 0.1, -2.1300000000000003E-13,, 3,5, 500,1.7066900000000005e-06
1981, -1.25, 0.1, -1.8400000000000002E-13,, 3,5, 500,1.7066900000000005e-06
1982, -1.2, 0.1, -1.2700000000000001E-13,, 3,5, 500,1.7066900000000005e-06
1983, -1.1500000000000001, 0.1, -2.73E-13,, 3,5, 500,1.7066900000000005e-06
1984, -1.1, 0.1, -9.8000000000000012E-14,, 3,5, 500,1.7066900000000005e-06
1985, -1.05, 0.1, -1.4400000000000002E-13,, 3,5, 500,1.7066900000000005e-06
1986, -1, 0.1, -1.46E-13,, 3,5, 500,1.7066900000000005e-06
1987, -0.95000000000000007, 0.1, -1.76E-13,, 3,5, 500,1.7066900000000005e-06
1988, -0.9, 0.1, -1.0500000000000001E-13,, 3,5, 500,1.7066900000000005e-06
1989, -0.85, 0.1, -2.7700000000000003E-13,, 3,5, 500,1.7066900000000005e-06
1990, -0.8, 0.1, -1.06E-13,, 3,5, 500,1.7066900000000005e-06
1991, -0.75, 0.1, -1.93E-13,, 3,5, 500,1.7066900000000005e-06
1992, -0.70000000000000007, 0.1, -1.0200000000000001E-13,, 3,5, 500,1.7066900000000005e-06
1993, -0.65, 0.1, -1.7300000000000002E-13,, 3,5, 500,1.7066900000000005e-06
1994, -0.6, 0.1, -1.59E-13,, 3,5, 500,1.7066900000000005e-06
1995, -0.55, 0.1, -1.7300000000000002E-13,, 3,5, 500,1.7066900000000005e-06
1996, -0.5, 0.1, -2.11E-13,, 3,5, 500,1.7066900000000005e-06
1997, -0.45, 0.1, -1.87E-13,, 3,5, 500,1.7066900000000005e-06
1998, -0.4, 0.1, -1.54E-13,, 3,5, 500,1.7066900000000005e-06
1999, -0.35000000000000003, 0.1, -1.12E-13,, 3,5, 500,1.7066900000000005e-06
2000, -0.3, 0.1, -1.7400000000000002E-13,, 3,5, 500,1.7066900000000005e-06
2001, -0.25, 0.1, -1.1100000000000001E-13,, 3,5, 500,1.7066900000000005e-06
2002, -0.2, 0.1, -2.8E-13,, 3,5, 500,1.7066900000000005e-06
2003, -0.15, 0.1, -2.24E-13,, 3,5, 500,1.7066900000000005e-06
2004, -0.1, 0.1, -2.0100000000000003E-13,, 3,5, 500,1.7066900000000005e-06
2005, -0.05, 0.1, -3.6000000000000004E-14,, 3,5, 500,1.7066900000000005e-06
2006, 0, 0.1, -2.94E-13,, 3,5, 500,1.7066900000000005e-06
2007, 0.05, 0.1, -2.7400000000000004E-13,, 3,5, 500,1.7066900000000005e-06
2008, 0.1, 0.1, -3.7100000000000003E-13,, 3,5, 500,1.7066900000000005e-06
2009, 0.15, 0.1, -4.7900000000000008E-13,, 3,5, 500,1.7066900000000005e-06
2010, 0.2, 0.1, -3.76E-13,, 3,5, 500,1.7066900000000005e-06
2011, 0.25, 0.1, -3.8300000000000003E-13,, 3,5, 500,1.7066900000000005e-06
2012, 0.3, 0.1, -3.1100000000000004E-13,, 3,5, 500,1.7066900000000005e-06
2013, 0.35000000000000003, 0.1, -2.55E-13,, 3,5, 500,1.7066900000000005e-06
2014, 0.4, 0.1, -2.83E-13,, 3,5, 500,1.7066900000000005e-06
2015, 0.45, 0.1, -3.26E-13,, 3,5, 500,1.7066900000000005e-06
2016, 0.5, 0.1, -3.65E-13,, 3,5, 500,1.7066900000000005e-06
2017, 0.55, 0.1, -3.3200000000000005E-13,, 3,5, 500,1.7066900000000005e-06
2018, 0.6, 0.1, -2.5400000000000003E-13,, 3,5, 500,1.7066900000000005e-06
2019, 0.65, 0.1, -4E-13,, 3,5, 500,1.7066900000000005e-06
2020, 0.70000000000000007, 0.1, -3.1200000000000003E-13,, 3,5, 500,1.7066900000000005e-06
2021, 0.75, 0.1, -4.3700000000000006E-13,, 3,5, 500,1.7066900000000005e-06
2022, 0.8, 0.1, -3.7200000000000003E-13,, 3,5, 500,1.7066900000000005e-06
2023, 0.85, 0.1, -2.8600000000000004E-13,, 3,5, 500,1.7066900000000005e-06
2024, 0.9, 0.1, -1.9600000000000002E-13,, 3,5, 500,1.7066900000000005e-06
2025, 0.95000000000000007, 0.1, 8.95E-13,, 3,5, 500,1.7066900000000005e-06
2026, 1, 0.1, 8.504E-12,, 3,5, 500,1.7066900000000005e-06
2027, 1.05, 0.1, 5.5244000000000003E-11,, 3,5, 500,1.7066900000000005e-06
2028, 1.1, 0.1, 3.05167E-10,, 3,5, 500,1.7066900000000005e-06
2029, 1.1500000000000001, 0.1, 1.36709E-09,, 3,5, 500,1.7066900000000005e-06
2030, 1.2, 0.1, 4.61991E-09,, 3,5, 500,1.7066900000000005e-06
2031, 1.25, 0.1, 1.22181E-08,, 3,5, 500,1.7066900000000005e-06
2032, 1.3, 0.1, 2.5576799999999997E-08,, 3,5, 500,1.7066900000000005e-06
2033, 1.35, 0.1, 4.4790899999999995E-08,, 3,5, 500,1.7066900000000005e-06
2034, 1.4000000000000001, 0.1, 6.898079999999999E-08,, 3,5, 500,1.7066900000000005e-06
2035, 1.45, 0.1, 9.713989999999999E-08,, 3,5, 500,1.7066900000000005e-06
2036, 1.5, 0.1, 1.28103E-07,, 3,5, 500,1.7066900000000005e-06
2037, 1.55, 0.1, 1.61591E-07,, 3,5, 500,1.7066900000000005e-06
2038, 1.6, 0.1, 1.9711E-07,, 3,5, 500,1.7066900000000005e-06
2039, 1.6500000000000001, 0.1, 2.3463599999999998E-07,, 3,5, 500,1.7066900000000005e-06
2040, 1.7, 0.1, 2.73788E-07,, 3,5, 500,1.7066900000000005e-06
2041, 1.75, 0.1, 3.14532E-07,, 3,5, 500,1.7066900000000005e-06
2042, 1.8, 0.1, 3.57012E-07,, 3,5, 500,1.7066900000000005e-06
2043, 1.85, 0.1, 4.00849E-07,, 3,5, 500,1.7066900000000005e-06
2044, 1.9000000000000001, 0.1, 4.46107E-07,, 3,5, 500,1.7066900000000005e-06
2045, 1.95, 0.1, 4.92861E-07,, 3,5, 500,1.7066900000000005e-06
2046, 2, 0.1, 5.40758E-07,, 3,5, 500,1.7066900000000005e-06
2047, 2.05, 0.1, 5.89945E-07,, 3,5, 500,1.7066900000000005e-06
2048, 2.1, 0.1, 6.40485E-07,, 3,5, 500,1.7066900000000005e-06
2049, 2.15, 0.1, 6.92041E-07,, 3,5, 500,1.7066900000000005e-06
2050, 2.2, 0.1, 7.44647E-07,, 3,5, 500,1.7066900000000005e-06
2051, 2.25, 0.1, 7.98662E-07,, 3,5, 500,1.7066900000000005e-06
2052, 2.3000000000000003, 0.1, 8.53366E-07,, 3,5, 500,1.7066900000000005e-06
2053, 2.35, 0.1, 9.09102E-07,, 3,5, 500,1.7066900000000005e-06
2054, 2.4, 0.1, 9.65742E-07,, 3,5, 500,1.7066900000000005e-06
2055, 2.45, 0.1, 1.023612E-06,, 3,5, 500,1.7066900000000005e-06
2056, 2.5, 0.1, 1.082096E-06,, 3,5, 500,1.7066900000000005e-06
2057, 2.5500000000000003, 0.1, 1.141401E-06,, 3,5, 500,1.7066900000000005e-06
2058, 2.6, 0.1, 1.2014600000000002E-06,, 3,5, 500,1.7066900000000005e-06
2059, 2.65, 0.1, 1.2619300000000001E-06,, 3,5, 500,1.7066900000000005e-06
2060, 2.7, 0.1, 1.3233200000000002E-06,, 3,5, 500,1.7066900000000005e-06
2061, 2.75, 0.1, 1.3857800000000002E-06,, 3,5, 500,1.7066900000000005e-06
2062, 2.8000000000000003, 0.1, 1.4488200000000001E-06,, 3,5, 500,1.7066900000000005e-06
2063, 2.85, 0.1, 1.5124200000000003E-06,, 3,5, 500,1.7066900000000005e-06
2064, 2.9, 0.1, 1.5766400000000001E-06,, 3,5, 500,1.7066900000000005e-06
2065, 2.95, 0.1, 1.6412600000000002E-06,, 3,5, 500,1.7066900000000005e-06
2066, 3, 0.1, 1.7066900000000003E-06,, 3,5, 500,1.7066900000000005e-06
2327, -3, 0.1, -1.7900000000000002E-13,1.8094100000000005e-06, 3,6, 750,1.8094100000000005e-06
2328, -2.95, 0.1, -1.89E-13,, 3,6, 750,1.8094100000000005e-06
2329, -2.9, 0.1, -1.29E-13,, 3,6, 750,1.8094100000000005e-06
2330, -2.85, 0.1, -8.1000000000000008E-14,, 3,6, 750,1.8094100000000005e-06
2331, -2.8000000000000003, 0.1, -6.8E-14,, 3,6, 750,1.8094100000000005e-06
2332, -2.75, 0.1, -1.83E-13,, 3,6, 750,1.8094100000000005e-06
2333, -2.7, 0.1, -1.5100000000000001E-13,, 3,6, 750,1.8094100000000005e-06
2334, -2.65, 0.1, -1.19E-13,, 3,6, 750,1.8094100000000005e-06
2335, -2.6, 0.1, -2.0700000000000003E-13,, 3,6, 750,1.8094100000000005e-06
2336, -2.5500000000000003, 0.1, -1.42E-13,, 3,6, 750,1.8094100000000005e-06
2337, -2.5, 0.1, -1.35E-13,, 3,6, 750,1.8094100000000005e-06
2338, -2.45, 0.1, 8E-15,, 3,6, 750,1.8094100000000005e-06
2339, -2.4, 0.1, -1.2100000000000002E-13,, 3,6, 750,1.8094100000000005e-06
2340, -2.35, 0.1, -5.9E-14,, 3,6, 750,1.8094100000000005e-06
2341, -2.3000000000000003, 0.1, -1.69E-13,, 3,6, 750,1.8094100000000005e-06
2342, -2.25, 0.1, -9.6000000000000007E-14,, 3,6, 750,1.8094100000000005e-06
2343, -2.2, 0.1, -2.1900000000000003E-13,, 3,6, 750,1.8094100000000005e-06
2344, -2.15, 0.1, -1.48E-13,, 3,6, 750,1.8094100000000005e-06
2345, -2.1, 0.1, -1.94E-13,, 3,6, 750,1.8094100000000005e-06
2346, -2.05, 0.1, -9.7E-14,, 3,6, 750,1.8094100000000005e-06
2347, -2, 0.1, -2.2800000000000004E-13,, 3,6, 750,1.8094100000000005e-06
2348, -1.95, 0.1, -1.4E-13,, 3,6, 750,1.8094100000000005e-06
2349, -1.9000000000000001, 0.1, -1.47E-13,, 3,6, 750,1.8094100000000005e-06
2350, -1.85, 0.1, 1.6E-14,, 3,6, 750,1.8094100000000005e-06
2351, -1.8, 0.1, -1.9500000000000003E-13,, 3,6, 750,1.8094100000000005e-06
2352, -1.75, 0.1, -1.7800000000000002E-13,, 3,6, 750,1.8094100000000005e-06
2353, -1.7, 0.1, -2.1500000000000002E-13,, 3,6, 750,1.8094100000000005e-06
2354, -1.6500000000000001, 0.1, -1.9100000000000002E-13,, 3,6, 750,1.8094100000000005e-06
2355, -1.6, 0.1, -6.0000000000000005E-15,, 3,6, 750,1.8094100000000005e-06
2356, -1.55, 0.1, -2.2200000000000001E-13,, 3,6, 750,1.8094100000000005e-06
2357, -1.5, 0.1, -1.8400000000000002E-13,, 3,6, 750,1.8094100000000005e-06
2358, -1.45, 0.1, -2.32E-13,, 3,6, 750,1.8094100000000005e-06
2359, -1.4000000000000001, 0.1, -7.9E-14,, 3,6, 750,1.8094100000000005e-06
2360, -1.35, 0.1, -1.25E-13,, 3,6, 750,1.8094100000000005e-06
2361, -1.3, 0.1, -1.9100000000000002E-13,, 3,6, 750,1.8094100000000005e-06
2362, -1.25, 0.1, -2.73E-13,, 3,6, 750,1.8094100000000005e-06
2363, -1.2, 0.1, -1.47E-13,, 3,6, 750,1.8094100000000005e-06
2364, -1.1500000000000001, 0.1, -1.1000000000000001E-13,, 3,6, 750,1.8094100000000005e-06
2365, -1.1, 0.1, -1.9700000000000002E-13,, 3,6, 750,1.8094100000000005e-06
2366, -1.05, 0.1, -2.2500000000000003E-13,, 3,6, 750,1.8094100000000005e-06
2367, -1, 0.1, -1.29E-13,, 3,6, 750,1.8094100000000005e-06
2368, -0.95000000000000007, 0.1, -1.03E-13,, 3,6, 750,1.8094100000000005e-06
2369, -0.9, 0.1, -1.81E-13,, 3,6, 750,1.8094100000000005e-06
2370, -0.85, 0.1, -7.1E-14,, 3,6, 750,1.8094100000000005e-06
2371, -0.8, 0.1, -2.2500000000000003E-13,, 3,6, 750,1.8094100000000005e-06
2372, -0.75, 0.1, -1.63E-13,, 3,6, 750,1.8094100000000005e-06
2373, -0.70000000000000007, 0.1, -2.46E-13,, 3,6, 750,1.8094100000000005e-06
2374, -0.65, 0.1, -1.53E-13,, 3,6, 750,1.8094100000000005e-06
2375, -0.6, 0.1, -1.3800000000000002E-13,, 3,6, 750,1.8094100000000005e-06
2376, -0.55, 0.1, -9.3000000000000008E-14,, 3,6, 750,1.8094100000000005e-06
2377, -0.5, 0.1, -1.6700000000000002E-13,, 3,6, 750,1.8094100000000005e-06
2378, -0.45, 0.1, -1.6800000000000002E-13,, 3,6, 750,1.8094100000000005e-06
2379, -0.4, 0.1, -2E-13,, 3,6, 750,1.8094100000000005e-06
2380, -0.35000000000000003, 0.1, -1.48E-13,, 3,6, 750,1.8094100000000005e-06
2381, -0.3, 0.1, -9.8000000000000012E-14,, 3,6, 750,1.8094100000000005e-06
2382, -0.25, 0.1, -1.5600000000000002E-13,, 3,6, 750,1.8094100000000005e-06
2383, -0.2, 0.1, -2.37E-13,, 3,6, 750,1.8094100000000005e-06
2384, -0.15, 0.1, -1.22E-13,, 3,6, 750,1.8094100000000005e-06
2385, -0.1, 0.1, -1.23E-13,, 3,6, 750,1.8094100000000005e-06
2386, -0.05, 0.1, -1.0700000000000001E-13,, 3,6, 750,1.8094100000000005e-06
2387, 0, 0.1, -3.9100000000000005E-13,, 3,6, 750,1.8094100000000005e-06
2388, 0.05, 0.1, -3.38E-13,, 3,6, 750,1.8094100000000005e-06
2389, 0.1, 0.1, -3.06E-13,, 3,6, 750,1.8094100000000005e-06
2390, 0.15, 0.1, -2.71E-13,, 3,6, 750,1.8094100000000005e-06
2391, 0.2, 0.1, -3.7900000000000005E-13,, 3,6, 750,1.8094100000000005e-06
2392, 0.25, 0.1, -1.3200000000000002E-13,, 3,6, 750,1.8094100000000005e-06
2393, 0.3, 0.1, -3.6000000000000003E-13,, 3,6, 750,1.8094100000000005e-06
2394, 0.35000000000000003, 0.1, -3.62E-13,, 3,6, 750,1.8094100000000005e-06
2395, 0.4, 0.1, -3.15E-13,, 3,6, 750,1.8094100000000005e-06
2396, 0.45, 0.1, -3.54E-13,, 3,6, 750,1.8094100000000005e-06
2397, 0.5, 0.1, -2.43E-13,, 3,6, 750,1.8094100000000005e-06
2398, 0.55, 0.1, -2.3000000000000003E-13,, 3,6, 750,1.8094100000000005e-06
2399, 0.6, 0.1, -3.05E-13,, 3,6, 750,1.8094100000000005e-06
2400, 0.65, 0.1, -2.33E-13,, 3,6, 750,1.8094100000000005e-06
2401, 0.70000000000000007, 0.1, -3.4800000000000003E-13,, 3,6, 750,1.8094100000000005e-06
2402, 0.75, 0.1, -3.66E-13,, 3,6, 750,1.8094100000000005e-06
2403, 0.8, 0.1, -1.6200000000000002E-13,, 3,6, 750,1.8094100000000005e-06
2404, 0.85, 0.1, 4.01E-13,, 3,6, 750,1.8094100000000005e-06
2405, 0.9, 0.1, 5.1210000000000005E-12,, 3,6, 750,1.8094100000000005e-06
2406, 0.95000000000000007, 0.1, 3.4429E-11,, 3,6, 750,1.8094100000000005e-06
2407, 1, 0.1, 2.0016400000000002E-10,, 3,6, 750,1.8094100000000005e-06
2408, 1.05, 0.1, 9.46652E-10,, 3,6, 750,1.8094100000000005e-06
2409, 1.1, 0.1, 3.45306E-09,, 3,6, 750,1.8094100000000005e-06
2410, 1.1500000000000001, 0.1, 9.53628E-09,, 3,6, 750,1.8094100000000005e-06
2411, 1.2, 0.1, 2.1145099999999997E-08,, 3,6, 750,1.8094100000000005e-06
2412, 1.25, 0.1, 3.8494999999999995E-08,, 3,6, 750,1.8094100000000005e-06
2413, 1.3, 0.1, 6.0916799999999991E-08,, 3,6, 750,1.8094100000000005e-06
2414, 1.35, 0.1, 8.7349099999999989E-08,, 3,6, 750,1.8094100000000005e-06
2415, 1.4000000000000001, 0.1, 1.16808E-07,, 3,6, 750,1.8094100000000005e-06
2416, 1.45, 0.1, 1.4908E-07,, 3,6, 750,1.8094100000000005e-06
2417, 1.5, 0.1, 1.83384E-07,, 3,6, 750,1.8094100000000005e-06
2418, 1.55, 0.1, 2.19639E-07,, 3,6, 750,1.8094100000000005e-06
2419, 1.6, 0.1, 2.57671E-07,, 3,6, 750,1.8094100000000005e-06
2420, 1.6500000000000001, 0.1, 2.97598E-07,, 3,6, 750,1.8094100000000005e-06
2421, 1.7, 0.1, 3.38977E-07,, 3,6, 750,1.8094100000000005e-06
2422, 1.75, 0.1, 3.8192199999999997E-07,, 3,6, 750,1.8094100000000005e-06
2423, 1.8, 0.1, 4.26544E-07,, 3,6, 750,1.8094100000000005e-06
2424, 1.85, 0.1, 4.72413E-07,, 3,6, 750,1.8094100000000005e-06
2425, 1.9000000000000001, 0.1, 5.19652E-07,, 3,6, 750,1.8094100000000005e-06
2426, 1.95, 0.1, 5.68355E-07,, 3,6, 750,1.8094100000000005e-06
2427, 2, 0.1, 6.18096E-07,, 3,6, 750,1.8094100000000005e-06
2428, 2.05, 0.1, 6.69066E-07,, 3,6, 750,1.8094100000000005e-06
2429, 2.1, 0.1, 7.21271E-07,, 3,6, 750,1.8094100000000005e-06
2430, 2.15, 0.1, 7.7448399999999994E-07,, 3,6, 750,1.8094100000000005e-06
2431, 2.2, 0.1, 8.28737E-07,, 3,6, 750,1.8094100000000005e-06
2432, 2.25, 0.1, 8.84226E-07,, 3,6, 750,1.8094100000000005e-06
2433, 2.3000000000000003, 0.1, 9.40464E-07,, 3,6, 750,1.8094100000000005e-06
2434, 2.35, 0.1, 9.97586E-07,, 3,6, 750,1.8094100000000005e-06
2435, 2.4, 0.1, 1.055516E-06,, 3,6, 750,1.8094100000000005e-06
2436, 2.45, 0.1, 1.114576E-06,, 3,6, 750,1.8094100000000005e-06
2437, 2.5, 0.1, 1.1746700000000002E-06,, 3,6, 750,1.8094100000000005e-06
2438, 2.5500000000000003, 0.1, 1.23501E-06,, 3,6, 750,1.8094100000000005e-06
2439, 2.6, 0.1, 1.29602E-06,, 3,6, 750,1.8094100000000005e-06
2440, 2.65, 0.1, 1.3578000000000002E-06,, 3,6, 750,1.8094100000000005e-06
2441, 2.7, 0.1, 1.4203300000000002E-06,, 3,6, 750,1.8094100000000005e-06
2442, 2.75, 0.1, 1.4837500000000002E-06,, 3,6, 750,1.8094100000000005e-06
2443, 2.8000000000000003, 0.1, 1.54774E-06,, 3,6, 750,1.8094100000000005e-06
2444, 2.85, 0.1, 1.6123400000000003E-06,, 3,6, 750,1.8094100000000005e-06
2445, 2.9, 0.1, 1.6774800000000001E-06,, 3,6, 750,1.8094100000000005e-06
2446, 2.95, 0.1, 1.7430900000000002E-06,, 3,6, 750,1.8094100000000005e-06
2447, 3, 0.1, 1.8094100000000003E-06,, 3,6, 750,1.8094100000000005e-06
2708, -3, 0.1, -5.9E-14,1.94063e-06, 3,7, 1000,1.94063e-06
2709, -2.95, 0.1, -2.06E-13,, 3,7, 1000,1.94063e-06
2710, -2.9, 0.1, -1.6700000000000002E-13,, 3,7, 1000,1.94063e-06
2711, -2.85, 0.1, -1.0400000000000001E-13,, 3,7, 1000,1.94063e-06
2712, -2.8000000000000003, 0.1, -1.25E-13,, 3,7, 1000,1.94063e-06
2713, -2.75, 0.1, -1.94E-13,, 3,7, 1000,1.94063e-06
2714, -2.7, 0.1, -1.9100000000000002E-13,, 3,7, 1000,1.94063e-06
2715, -2.65, 0.1, -1.0400000000000001E-13,, 3,7, 1000,1.94063e-06
2716, -2.6, 0.1, -1.81E-13,, 3,7, 1000,1.94063e-06
2717, -2.5500000000000003, 0.1, -1.87E-13,, 3,7, 1000,1.94063e-06
2718, -2.5, 0.1, -1.58E-13,, 3,7, 1000,1.94063e-06
2719, -2.45, 0.1, -2.4000000000000004E-13,, 3,7, 1000,1.94063e-06
2720, -2.4, 0.1, -8.8E-14,, 3,7, 1000,1.94063e-06
2721, -2.35, 0.1, -8.7000000000000008E-14,, 3,7, 1000,1.94063e-06
2722, -2.3000000000000003, 0.1, -8.3000000000000012E-14,, 3,7, 1000,1.94063e-06
2723, -2.25, 0.1, -1.6700000000000002E-13,, 3,7, 1000,1.94063e-06
2724, -2.2, 0.1, -1.77E-13,, 3,7, 1000,1.94063e-06
2725, -2.15, 0.1, -1.2000000000000002E-13,, 3,7, 1000,1.94063e-06
2726, -2.1, 0.1, -1.4400000000000002E-13,, 3,7, 1000,1.94063e-06
2727, -2.05, 0.1, -2.0800000000000002E-13,, 3,7, 1000,1.94063e-06
2728, -2, 0.1, -1.6000000000000003E-13,, 3,7, 1000,1.94063e-06
2729, -1.95, 0.1, -2.11E-13,, 3,7, 1000,1.94063e-06
2730, -1.9000000000000001, 0.1, -7.5000000000000009E-14,, 3,7, 1000,1.94063e-06
2731, -1.85, 0.1, -2.0300000000000002E-13,, 3,7, 1000,1.94063e-06
2732, -1.8, 0.1, -1.35E-13,, 3,7, 1000,1.94063e-06
2733, -1.75, 0.1, -2.34E-13,, 3,7, 1000,1.94063e-06
2734, -1.7, 0.1, -1.9500000000000003E-13,, 3,7, 1000,1.94063e-06
2735, -1.6500000000000001, 0.1, -2.1600000000000001E-13,, 3,7, 1000,1.94063e-06
2736, -1.6, 0.1, -1.65E-13,, 3,7, 1000,1.94063e-06
2737, -1.55, 0.1, -1.28E-13,, 3,7, 1000,1.94063e-06
2738, -1.5, 0.1, -1.3200000000000002E-13,, 3,7, 1000,1.94063e-06
2739, -1.45, 0.1, -2.6200000000000004E-13,, 3,7, 1000,1.94063e-06
2740, -1.4000000000000001, 0.1, -1.75E-13,, 3,7, 1000,1.94063e-06
2741, -1.35, 0.1, -1.47E-13,, 3,7, 1000,1.94063e-06
2742, -1.3, 0.1, -1.6800000000000002E-13,, 3,7, 1000,1.94063e-06
2743, -1.25, 0.1, -1.5500000000000002E-13,, 3,7, 1000,1.94063e-06
2744, -1.2, 0.1, -1.58E-13,, 3,7, 1000,1.94063e-06
2745, -1.1500000000000001, 0.1, -1.6200000000000002E-13,, 3,7, 1000,1.94063e-06
2746, -1.1, 0.1, -1.76E-13,, 3,7, 1000,1.94063e-06
2747, -1.05, 0.1, -1.41E-13,, 3,7, 1000,1.94063e-06
2748, -1, 0.1, -1.47E-13,, 3,7, 1000,1.94063e-06
2749, -0.95000000000000007, 0.1, -7E-14,, 3,7, 1000,1.94063e-06
2750, -0.9, 0.1, -1.75E-13,, 3,7, 1000,1.94063e-06
2751, -0.85, 0.1, -2.11E-13,, 3,7, 1000,1.94063e-06
2752, -0.8, 0.1, -1.3900000000000001E-13,, 3,7, 1000,1.94063e-06
2753, -0.75, 0.1, -1.7900000000000002E-13,, 3,7, 1000,1.94063e-06
2754, -0.70000000000000007, 0.1, -1.9000000000000002E-13,, 3,7, 1000,1.94063e-06
2755, -0.65, 0.1, -1.5000000000000002E-13,, 3,7, 1000,1.94063e-06
2756, -0.6, 0.1, -2.18E-13,, 3,7, 1000,1.94063e-06
2757, -0.55, 0.1, -1.69E-13,, 3,7, 1000,1.94063e-06
2758, -0.5, 0.1, -2.83E-13,, 3,7, 1000,1.94063e-06
2759, -0.45, 0.1, -8.2E-14,, 3,7, 1000,1.94063e-06
2760, -0.4, 0.1, -1.09E-13,, 3,7, 1000,1.94063e-06
2761, -0.35000000000000003, 0.1, -8.2E-14,, 3,7, 1000,1.94063e-06
2762, -0.3, 0.1, -2.23E-13,, 3,7, 1000,1.94063e-06
2763, -0.25, 0.1, -2.11E-13,, 3,7, 1000,1.94063e-06
2764, -0.2, 0.1, -1.58E-13,, 3,7, 1000,1.94063e-06
2765, -0.15, 0.1, -8.5E-14,, 3,7, 1000,1.94063e-06
2766, -0.1, 0.1, -4.4E-14,, 3,7, 1000,1.94063e-06
2767, -0.05, 0.1, -8.6000000000000012E-14,, 3,7, 1000,1.94063e-06
2768, 0, 0.1, -4.89E-13,, 3,7, 1000,1.94063e-06
2769, 0.05, 0.1, -3.41E-13,, 3,7, 1000,1.94063e-06
2770, 0.1, 0.1, -2.94E-13,, 3,7, 1000,1.94063e-06
2771, 0.15, 0.1, -3.5800000000000004E-13,, 3,7, 1000,1.94063e-06
2772, 0.2, 0.1, -3.9500000000000003E-13,, 3,7, 1000,1.94063e-06
2773, 0.25, 0.1, -3.65E-13,, 3,7, 1000,1.94063e-06
2774, 0.3, 0.1, -3.5900000000000004E-13,, 3,7, 1000,1.94063e-06
2775, 0.35000000000000003, 0.1, -3.89E-13,, 3,7, 1000,1.94063e-06
2776, 0.4, 0.1, -3.76E-13,, 3,7, 1000,1.94063e-06
2777, 0.45, 0.1, -4.2000000000000003E-13,, 3,7, 1000,1.94063e-06
2778, 0.5, 0.1, -3.8400000000000003E-13,, 3,7, 1000,1.94063e-06
2779, 0.55, 0.1, -1.9100000000000002E-13,, 3,7, 1000,1.94063e-06
2780, 0.6, 0.1, -2.7800000000000003E-13,, 3,7, 1000,1.94063e-06
2781, 0.65, 0.1, -3.63E-13,, 3,7, 1000,1.94063e-06
2782, 0.70000000000000007, 0.1, -2.93E-13,, 3,7, 1000,1.94063e-06
2783, 0.75, 0.1, 7.07E-13,, 3,7, 1000,1.94063e-06
2784, 0.8, 0.1, 7.2060000000000006E-12,, 3,7, 1000,1.94063e-06
2785, 0.85, 0.1, 4.8206000000000005E-11,, 3,7, 1000,1.94063e-06
2786, 0.9, 0.1, 2.7243900000000003E-10,, 3,7, 1000,1.94063e-06
2787, 0.95000000000000007, 0.1, 1.23778E-09,, 3,7, 1000,1.94063e-06
2788, 1, 0.1, 4.2236E-09,, 3,7, 1000,1.94063e-06
2789, 1.05, 0.1, 1.113712E-08,, 3,7, 1000,1.94063e-06
2790, 1.1, 0.1, 2.35005E-08,, 3,7, 1000,1.94063e-06
2791, 1.1500000000000001, 0.1, 4.1350699999999995E-08,, 3,7, 1000,1.94063e-06
2792, 1.2, 0.1, 6.3719799999999993E-08,, 3,7, 1000,1.94063e-06
2793, 1.25, 0.1, 8.97711E-08,, 3,7, 1000,1.94063e-06
2794, 1.3, 0.1, 1.18714E-07,, 3,7, 1000,1.94063e-06
2795, 1.35, 0.1, 1.50235E-07,, 3,7, 1000,1.94063e-06
2796, 1.4000000000000001, 0.1, 1.83929E-07,, 3,7, 1000,1.94063e-06
2797, 1.45, 0.1, 2.1978E-07,, 3,7, 1000,1.94063e-06
2798, 1.5, 0.1, 2.57398E-07,, 3,7, 1000,1.94063e-06
2799, 1.55, 0.1, 2.96823E-07,, 3,7, 1000,1.94063e-06
2800, 1.6, 0.1, 3.3787E-07,, 3,7, 1000,1.94063e-06
2801, 1.6500000000000001, 0.1, 3.80675E-07,, 3,7, 1000,1.94063e-06
2802, 1.7, 0.1, 4.24882E-07,, 3,7, 1000,1.94063e-06
2803, 1.75, 0.1, 4.70529E-07,, 3,7, 1000,1.94063e-06
2804, 1.8, 0.1, 5.17716E-07,, 3,7, 1000,1.94063e-06
2805, 1.85, 0.1, 5.66082E-07,, 3,7, 1000,1.94063e-06
2806, 1.9000000000000001, 0.1, 6.1577E-07,, 3,7, 1000,1.94063e-06
2807, 1.95, 0.1, 6.66761E-07,, 3,7, 1000,1.94063e-06
2808, 2, 0.1, 7.18711E-07,, 3,7, 1000,1.94063e-06
2809, 2.05, 0.1, 7.71741E-07,, 3,7, 1000,1.94063e-06
2810, 2.1, 0.1, 8.26075E-07,, 3,7, 1000,1.94063e-06
2811, 2.15, 0.1, 8.81279E-07,, 3,7, 1000,1.94063e-06
2812, 2.2, 0.1, 9.37459E-07,, 3,7, 1000,1.94063e-06
2813, 2.25, 0.1, 9.94821E-07,, 3,7, 1000,1.94063e-06
2814, 2.3000000000000003, 0.1, 1.052882E-06,, 3,7, 1000,1.94063e-06
2815, 2.35, 0.1, 1.111738E-06,, 3,7, 1000,1.94063e-06
2816, 2.4, 0.1, 1.1715300000000001E-06,, 3,7, 1000,1.94063e-06
2817, 2.45, 0.1, 1.2322800000000001E-06,, 3,7, 1000,1.94063e-06
2818, 2.5, 0.1, 1.2936000000000002E-06,, 3,7, 1000,1.94063e-06
2819, 2.5500000000000003, 0.1, 1.3555400000000002E-06,, 3,7, 1000,1.94063e-06
2820, 2.6, 0.1, 1.4178700000000002E-06,, 3,7, 1000,1.94063e-06
2821, 2.65, 0.1, 1.48096E-06,, 3,7, 1000,1.94063e-06
2822, 2.7, 0.1, 1.54471E-06,, 3,7, 1000,1.94063e-06
2823, 2.75, 0.1, 1.60948E-06,, 3,7, 1000,1.94063e-06
2824, 2.8000000000000003, 0.1, 1.6748000000000003E-06,, 3,7, 1000,1.94063e-06
2825, 2.85, 0.1, 1.7405600000000003E-06,, 3,7, 1000,1.94063e-06
2826, 2.9, 0.1, 1.8068500000000001E-06,, 3,7, 1000,1.94063e-06
2827, 2.95, 0.1, 1.8735100000000002E-06,, 3,7, 1000,1.94063e-06
2828, 3, 0.1, 1.94063E-06,, 3,7, 1000,1.94063e-06
3089, -3, 0.1, 7E-15,2.13265e-06, 3,8, 1200,2.13265e-06
3090, -2.95, 0.1, -6.9000000000000009E-14,, 3,8, 1200,2.13265e-06
3091, -2.9, 0.1, -8.5E-14,, 3,8, 1200,2.13265e-06
3092, -2.85, 0.1, -1.8000000000000002E-13,, 3,8, 1200,2.13265e-06
3093, -2.8000000000000003, 0.1, -1.87E-13,, 3,8, 1200,2.13265e-06
3094, -2.75, 0.1, -2.2500000000000003E-13,, 3,8, 1200,2.13265e-06
3095, -2.7, 0.1, -1.69E-13,, 3,8, 1200,2.13265e-06
3096, -2.65, 0.1, -1.35E-13,, 3,8, 1200,2.13265e-06
3097, -2.6, 0.1, -2.1400000000000002E-13,, 3,8, 1200,2.13265e-06
3098, -2.5500000000000003, 0.1, -1.3E-13,, 3,8, 1200,2.13265e-06
3099, -2.5, 0.1, -1.82E-13,, 3,8, 1200,2.13265e-06
3100, -2.45, 0.1, -1.7E-13,, 3,8, 1200,2.13265e-06
3101, -2.4, 0.1, -2.5200000000000004E-13,, 3,8, 1200,2.13265e-06
3102, -2.35, 0.1, -1.9800000000000002E-13,, 3,8, 1200,2.13265e-06
3103, -2.3000000000000003, 0.1, -6.9000000000000009E-14,, 3,8, 1200,2.13265e-06
3104, -2.25, 0.1, -1.2700000000000001E-13,, 3,8, 1200,2.13265e-06
3105, -2.2, 0.1, -7.4E-14,, 3,8, 1200,2.13265e-06
3106, -2.15, 0.1, -1.2100000000000002E-13,, 3,8, 1200,2.13265e-06
3107, -2.1, 0.1, -2.8600000000000004E-13,, 3,8, 1200,2.13265e-06
3108, -2.05, 0.1, -9.7E-14,, 3,8, 1200,2.13265e-06
3109, -2, 0.1, -6.2E-14,, 3,8, 1200,2.13265e-06
3110, -1.95, 0.1, -5.6E-14,, 3,8, 1200,2.13265e-06
3111, -1.9000000000000001, 0.1, -2.0400000000000001E-13,, 3,8, 1200,2.13265e-06
3112, -1.85, 0.1, -1.82E-13,, 3,8, 1200,2.13265e-06
3113, -1.8, 0.1, -1.34E-13,, 3,8, 1200,2.13265e-06
3114, -1.75, 0.1, -1.25E-13,, 3,8, 1200,2.13265e-06
3115, -1.7, 0.1, -1.9200000000000002E-13,, 3,8, 1200,2.13265e-06
3116, -1.6500000000000001, 0.1, -1.8500000000000002E-13,, 3,8, 1200,2.13265e-06
3117, -1.6, 0.1, -1.3700000000000002E-13,, 3,8, 1200,2.13265e-06
3118, -1.55, 0.1, -1.24E-13,, 3,8, 1200,2.13265e-06
3119, -1.5, 0.1, -1.48E-13,, 3,8, 1200,2.13265e-06
3120, -1.45, 0.1, -2.44E-13,, 3,8, 1200,2.13265e-06
3121, -1.4000000000000001, 0.1, -2.72E-13,, 3,8, 1200,2.13265e-06
3122, -1.35, 0.1, -8.2E-14,, 3,8, 1200,2.13265e-06
3123, -1.3, 0.1, -1.8000000000000002E-13,, 3,8, 1200,2.13265e-06
3124, -1.25, 0.1, -1.6100000000000002E-13,, 3,8, 1200,2.13265e-06
3125, -1.2, 0.1, -1.24E-13,, 3,8, 1200,2.13265e-06
3126, -1.1500000000000001, 0.1, -1.93E-13,, 3,8, 1200,2.13265e-06
3127, -1.1, 0.1, -1.35E-13,, 3,8, 1200,2.13265e-06
3128, -1.05, 0.1, -1.57E-13,, 3,8, 1200,2.13265e-06
3129, -1, 0.1, -1.17E-13,, 3,8, 1200,2.13265e-06
3130, -0.95000000000000007, 0.1, -5.5000000000000005E-14,, 3,8, 1200,2.13265e-06
3131, -0.9, 0.1, -1.6200000000000002E-13,, 3,8, 1200,2.13265e-06
3132, -0.85, 0.1, -1.0700000000000001E-13,, 3,8, 1200,2.13265e-06
3133, -0.8, 0.1, -1.76E-13,, 3,8, 1200,2.13265e-06
3134, -0.75, 0.1, -1.0700000000000001E-13,, 3,8, 1200,2.13265e-06
3135, -0.70000000000000007, 0.1, -1.3100000000000002E-13,, 3,8, 1200,2.13265e-06
3136, -0.65, 0.1, -1.63E-13,, 3,8, 1200,2.13265e-06
3137, -0.6, 0.1, -1.77E-13,, 3,8, 1200,2.13265e-06
3138, -0.55, 0.1, -1.7400000000000002E-13,, 3,8, 1200,2.13265e-06
3139, -0.5, 0.1, -1.0100000000000001E-13,, 3,8, 1200,2.13265e-06
3140, -0.45, 0.1, -2.6500000000000003E-13,, 3,8, 1200,2.13265e-06
3141, -0.4, 0.1, -1.9600000000000002E-13,, 3,8, 1200,2.13265e-06
3142, -0.35000000000000003, 0.1, -1.3E-13,, 3,8, 1200,2.13265e-06
3143, -0.3, 0.1, -1.4500000000000001E-13,, 3,8, 1200,2.13265e-06
3144, -0.25, 0.1, -1.6800000000000002E-13,, 3,8, 1200,2.13265e-06
3145, -0.2, 0.1, -1.1300000000000001E-13,, 3,8, 1200,2.13265e-06
3146, -0.15, 0.1, -1.18E-13,, 3,8, 1200,2.13265e-06
3147, -0.1, 0.1, -6.3000000000000009E-14,, 3,8, 1200,2.13265e-06
3148, -0.05, 0.1, -1.4400000000000002E-13,, 3,8, 1200,2.13265e-06
3149, 0, 0.1, -2.45E-13,, 3,8, 1200,2.13265e-06
3150, 0.05, 0.1, -3.4400000000000005E-13,, 3,8, 1200,2.13265e-06
3151, 0.1, 0.1, -4.36E-13,, 3,8, 1200,2.13265e-06
3152, 0.15, 0.1, -4.5200000000000004E-13,, 3,8, 1200,2.13265e-06
3153, 0.2, 0.1, -3.3200000000000005E-13,, 3,8, 1200,2.13265e-06
3154, 0.25, 0.1, -3.7100000000000003E-13,, 3,8, 1200,2.13265e-06
3155, 0.3, 0.1, -3.86E-13,, 3,8, 1200,2.13265e-06
3156, 0.35000000000000003, 0.1, -3.75E-13,, 3,8, 1200,2.13265e-06
3157, 0.4, 0.1, -3.62E-13,, 3,8, 1200,2.13265e-06
3158, 0.45, 0.1, -3.16E-13,, 3,8, 1200,2.13265e-06
3159, 0.5, 0.1, -3.86E-13,, 3,8, 1200,2.13265e-06
3160, 0.55, 0.1, -1.6200000000000002E-13,, 3,8, 1200,2.13265e-06
3161, 0.6, 0.1, 1.153E-12,, 3,8, 1200,2.13265e-06
3162, 0.65, 0.1, 9.611E-12,, 3,8, 1200,2.13265e-06
3163, 0.70000000000000007, 0.1, 6.2658E-11,, 3,8, 1200,2.13265e-06
3164, 0.75, 0.1, 3.45273E-10,, 3,8, 1200,2.13265e-06
3165, 0.8, 0.1, 1.48115E-09,, 3,8, 1200,2.13265e-06
3166, 0.85, 0.1, 4.81357E-09,, 3,8, 1200,2.13265e-06
3167, 0.9, 0.1, 1.21436E-08,, 3,8, 1200,2.13265e-06
3168, 0.95000000000000007, 0.1, 2.4498899999999998E-08,, 3,8, 1200,2.13265e-06
3169, 1, 0.1, 4.17721E-08,, 3,8, 1200,2.13265e-06
3170, 1.05, 0.1, 6.32399E-08,, 3,8, 1200,2.13265e-06
3171, 1.1, 0.1, 8.8171199999999987E-08,, 3,8, 1200,2.13265e-06
3172, 1.1500000000000001, 0.1, 1.15978E-07,, 3,8, 1200,2.13265e-06
3173, 1.2, 0.1, 1.4628199999999999E-07,, 3,8, 1200,2.13265e-06
3174, 1.25, 0.1, 1.78925E-07,, 3,8, 1200,2.13265e-06
3175, 1.3, 0.1, 2.13645E-07,, 3,8, 1200,2.13265e-06
3176, 1.35, 0.1, 2.50365E-07,, 3,8, 1200,2.13265e-06
3177, 1.4000000000000001, 0.1, 2.88963E-07,, 3,8, 1200,2.13265e-06
3178, 1.45, 0.1, 3.2944599999999997E-07,, 3,8, 1200,2.13265e-06
3179, 1.5, 0.1, 3.71467E-07,, 3,8, 1200,2.13265e-06
3180, 1.55, 0.1, 4.15085E-07,, 3,8, 1200,2.13265e-06
3181, 1.6, 0.1, 4.60202E-07,, 3,8, 1200,2.13265e-06
3182, 1.6500000000000001, 0.1, 5.06956E-07,, 3,8, 1200,2.13265e-06
3183, 1.7, 0.1, 5.5487599999999995E-07,, 3,8, 1200,2.13265e-06
3184, 1.75, 0.1, 6.04093E-07,, 3,8, 1200,2.13265e-06
3185, 1.8, 0.1, 6.54752E-07,, 3,8, 1200,2.13265e-06
3186, 1.85, 0.1, 7.06388E-07,, 3,8, 1200,2.13265e-06
3187, 1.9000000000000001, 0.1, 7.5926799999999994E-07,, 3,8, 1200,2.13265e-06
3188, 1.95, 0.1, 8.13448E-07,, 3,8, 1200,2.13265e-06
3189, 2, 0.1, 8.68488E-07,, 3,8, 1200,2.13265e-06
3190, 2.05, 0.1, 9.2447E-07,, 3,8, 1200,2.13265e-06
3191, 2.1, 0.1, 9.81624E-07,, 3,8, 1200,2.13265e-06
3192, 2.15, 0.1, 1.039458E-06,, 3,8, 1200,2.13265e-06
3193, 2.2, 0.1, 1.098058E-06,, 3,8, 1200,2.13265e-06
3194, 2.25, 0.1, 1.1575400000000002E-06,, 3,8, 1200,2.13265e-06
3195, 2.3000000000000003, 0.1, 1.2177500000000001E-06,, 3,8, 1200,2.13265e-06
3196, 2.35, 0.1, 1.2787800000000002E-06,, 3,8, 1200,2.13265e-06
3197, 2.4, 0.1, 1.3405800000000002E-06,, 3,8, 1200,2.13265e-06
3198, 2.45, 0.1, 1.40332E-06,, 3,8, 1200,2.13265e-06
3199, 2.5, 0.1, 1.4665400000000001E-06,, 3,8, 1200,2.13265e-06
3200, 2.5500000000000003, 0.1, 1.53087E-06,, 3,8, 1200,2.13265e-06
3201, 2.6, 0.1, 1.5955600000000002E-06,, 3,8, 1200,2.13265e-06
3202, 2.65, 0.1, 1.6609600000000002E-06,, 3,8, 1200,2.13265e-06
3203, 2.7, 0.1, 1.7267700000000002E-06,, 3,8, 1200,2.13265e-06
3204, 2.75, 0.1, 1.7931800000000001E-06,, 3,8, 1200,2.13265e-06
3205, 2.8000000000000003, 0.1, 1.8597100000000002E-06,, 3,8, 1200,2.13265e-06
3206, 2.85, 0.1, 1.92711E-06,, 3,8, 1200,2.13265e-06
3207, 2.9, 0.1, 1.9951E-06,, 3,8, 1200,2.13265e-06
3208, 2.95, 0.1, 2.06365E-06,, 3,8, 1200,2.13265e-06
3209, 3, 0.1, 2.1326500000000002E-06,, 3,8, 1200,2.13265e-06
3470, -3, 0.1, -3.0000000000000002E-15,2.3329200000000003e-06, 3,9, 1500,2.3329200000000003e-06
3471, -2.95, 0.1, -1.7E-13,, 3,9, 1500,2.3329200000000003e-06
3472, -2.9, 0.1, -1.5000000000000002E-13,, 3,9, 1500,2.3329200000000003e-06
3473, -2.85, 0.1, -1.81E-13,, 3,9, 1500,2.3329200000000003e-06
3474, -2.8000000000000003, 0.1, -5.6E-14,, 3,9, 1500,2.3329200000000003e-06
3475, -2.75, 0.1, -1.63E-13,, 3,9, 1500,2.3329200000000003e-06
3476, -2.7, 0.1, -1.0400000000000001E-13,, 3,9, 1500,2.3329200000000003e-06
3477, -2.65, 0.1, -7.7E-14,, 3,9, 1500,2.3329200000000003e-06
3478, -2.6, 0.1, -2.0200000000000002E-13,, 3,9, 1500,2.3329200000000003e-06
3479, -2.5500000000000003, 0.1, -2.1500000000000002E-13,, 3,9, 1500,2.3329200000000003e-06
3480, -2.5, 0.1, -2.45E-13,, 3,9, 1500,2.3329200000000003e-06
3481, -2.45, 0.1, -2.06E-13,, 3,9, 1500,2.3329200000000003e-06
3482, -2.4, 0.1, -1.42E-13,, 3,9, 1500,2.3329200000000003e-06
3483, -2.35, 0.1, -1.1500000000000002E-13,, 3,9, 1500,2.3329200000000003e-06
3484, -2.3000000000000003, 0.1, -1.6100000000000002E-13,, 3,9, 1500,2.3329200000000003e-06
3485, -2.25, 0.1, -2.0200000000000002E-13,, 3,9, 1500,2.3329200000000003e-06
3486, -2.2, 0.1, -2.69E-13,, 3,9, 1500,2.3329200000000003e-06
3487, -2.15, 0.1, -2.69E-13,, 3,9, 1500,2.3329200000000003e-06
3488, -2.1, 0.1, -1.5600000000000002E-13,, 3,9, 1500,2.3329200000000003e-06
3489, -2.05, 0.1, -1.0400000000000001E-13,, 3,9, 1500,2.3329200000000003e-06
3490, -2, 0.1, -8.5E-14,, 3,9, 1500,2.3329200000000003e-06
3491, -1.95, 0.1, -5.1000000000000004E-14,, 3,9, 1500,2.3329200000000003e-06
3492, -1.9000000000000001, 0.1, -1.3700000000000002E-13,, 3,9, 1500,2.3329200000000003e-06
3493, -1.85, 0.1, -1.6000000000000003E-13,, 3,9, 1500,2.3329200000000003e-06
3494, -1.8, 0.1, -1.87E-13,, 3,9, 1500,2.3329200000000003e-06
3495, -1.75, 0.1, -1.59E-13,, 3,9, 1500,2.3329200000000003e-06
3496, -1.7, 0.1, -1.24E-13,, 3,9, 1500,2.3329200000000003e-06
3497, -1.6500000000000001, 0.1, -1.59E-13,, 3,9, 1500,2.3329200000000003e-06
3498, -1.6, 0.1, -1.59E-13,, 3,9, 1500,2.3329200000000003e-06
3499, -1.55, 0.1, -2.4100000000000003E-13,, 3,9, 1500,2.3329200000000003e-06
3500, -1.5, 0.1, -3.03E-13,, 3,9, 1500,2.3329200000000003e-06
3501, -1.45, 0.1, -1.8000000000000002E-13,, 3,9, 1500,2.3329200000000003e-06
3502, -1.4000000000000001, 0.1, -1.88E-13,, 3,9, 1500,2.3329200000000003e-06
3503, -1.35, 0.1, -2.44E-13,, 3,9, 1500,2.3329200000000003e-06
3504, -1.3, 0.1, -1.58E-13,, 3,9, 1500,2.3329200000000003e-06
3505, -1.25, 0.1, -1.7E-13,, 3,9, 1500,2.3329200000000003e-06
3506, -1.2, 0.1, -8.9000000000000012E-14,, 3,9, 1500,2.3329200000000003e-06
3507, -1.1500000000000001, 0.1, -1.59E-13,, 3,9, 1500,2.3329200000000003e-06
3508, -1.1, 0.1, -1.7300000000000002E-13,, 3,9, 1500,2.3329200000000003e-06
3509, -1.05, 0.1, -1.6800000000000002E-13,, 3,9, 1500,2.3329200000000003e-06
3510, -1, 0.1, -2.1600000000000001E-13,, 3,9, 1500,2.3329200000000003e-06
3511, -0.95000000000000007, 0.1, -1.8000000000000002E-13,, 3,9, 1500,2.3329200000000003e-06
3512, -0.9, 0.1, -1.3700000000000002E-13,, 3,9, 1500,2.3329200000000003e-06
3513, -0.85, 0.1, -2.37E-13,, 3,9, 1500,2.3329200000000003e-06
3514, -0.8, 0.1, -1.71E-13,, 3,9, 1500,2.3329200000000003e-06
3515, -0.75, 0.1, -2.55E-13,, 3,9, 1500,2.3329200000000003e-06
3516, -0.70000000000000007, 0.1, -1.7200000000000002E-13,, 3,9, 1500,2.3329200000000003e-06
3517, -0.65, 0.1, -1E-13,, 3,9, 1500,2.3329200000000003e-06
3518, -0.6, 0.1, -1.7E-13,, 3,9, 1500,2.3329200000000003e-06
3519, -0.55, 0.1, -7.1E-14,, 3,9, 1500,2.3329200000000003e-06
3520, -0.5, 0.1, -2.2000000000000002E-13,, 3,9, 1500,2.3329200000000003e-06
3521, -0.45, 0.1, -1.5500000000000002E-13,, 3,9, 1500,2.3329200000000003e-06
3522, -0.4, 0.1, -1.7E-13,, 3,9, 1500,2.3329200000000003e-06
3523, -0.35000000000000003, 0.1, -1.9700000000000002E-13,, 3,9, 1500,2.3329200000000003e-06
3524, -0.3, 0.1, -2.0800000000000002E-13,, 3,9, 1500,2.3329200000000003e-06
3525, -0.25, 0.1, -1.7800000000000002E-13,, 3,9, 1500,2.3329200000000003e-06
3526, -0.2, 0.1, -2.0800000000000002E-13,, 3,9, 1500,2.3329200000000003e-06
3527, -0.15, 0.1, -1.89E-13,, 3,9, 1500,2.3329200000000003e-06
3528, -0.1, 0.1, -1.3200000000000002E-13,, 3,9, 1500,2.3329200000000003e-06
3529, -0.05, 0.1, -1.6600000000000003E-13,, 3,9, 1500,2.3329200000000003e-06
3530, 0, 0.1, -3.9500000000000003E-13,, 3,9, 1500,2.3329200000000003e-06
3531, 0.05, 0.1, -3.77E-13,, 3,9, 1500,2.3329200000000003e-06
3532, 0.1, 0.1, -3.4600000000000004E-13,, 3,9, 1500,2.3329200000000003e-06
3533, 0.15, 0.1, -3.26E-13,, 3,9, 1500,2.3329200000000003e-06
3534, 0.2, 0.1, -3.4600000000000004E-13,, 3,9, 1500,2.3329200000000003e-06
3535, 0.25, 0.1, -3.64E-13,, 3,9, 1500,2.3329200000000003e-06
3536, 0.3, 0.1, -4.1800000000000004E-13,, 3,9, 1500,2.3329200000000003e-06
3537, 0.35000000000000003, 0.1, -2.95E-13,, 3,9, 1500,2.3329200000000003e-06
3538, 0.4, 0.1, -1.0100000000000001E-13,, 3,9, 1500,2.3329200000000003e-06
3539, 0.45, 0.1, 1.829E-12,, 3,9, 1500,2.3329200000000003e-06
3540, 0.5, 0.1, 1.4141000000000001E-11,, 3,9, 1500,2.3329200000000003e-06
3541, 0.55, 0.1, 8.8293000000000012E-11,, 3,9, 1500,2.3329200000000003e-06
3542, 0.6, 0.1, 4.5986500000000005E-10,, 3,9, 1500,2.3329200000000003e-06
3543, 0.65, 0.1, 1.8509E-09,, 3,9, 1500,2.3329200000000003e-06
3544, 0.70000000000000007, 0.1, 5.58963E-09,, 3,9, 1500,2.3329200000000003e-06
3545, 0.75, 0.1, 1.3282199999999999E-08,, 3,9, 1500,2.3329200000000003e-06
3546, 0.8, 0.1, 2.5668099999999997E-08,, 3,9, 1500,2.3329200000000003e-06
3547, 0.85, 0.1, 4.2545599999999994E-08,, 3,9, 1500,2.3329200000000003e-06
3548, 0.9, 0.1, 6.31714E-08,, 3,9, 1500,2.3329200000000003e-06
3549, 0.95000000000000007, 0.1, 8.70883E-08,, 3,9, 1500,2.3329200000000003e-06
3550, 1, 0.1, 1.1382189999999999E-07,, 3,9, 1500,2.3329200000000003e-06
3551, 1.05, 0.1, 1.43064E-07,, 3,9, 1500,2.3329200000000003e-06
3552, 1.1, 0.1, 1.74776E-07,, 3,9, 1500,2.3329200000000003e-06
3553, 1.1500000000000001, 0.1, 2.08858E-07,, 3,9, 1500,2.3329200000000003e-06
3554, 1.2, 0.1, 2.44789E-07,, 3,9, 1500,2.3329200000000003e-06
3555, 1.25, 0.1, 2.8273699999999997E-07,, 3,9, 1500,2.3329200000000003e-06
3556, 1.3, 0.1, 3.22535E-07,, 3,9, 1500,2.3329200000000003e-06
3557, 1.35, 0.1, 3.64053E-07,, 3,9, 1500,2.3329200000000003e-06
3558, 1.4000000000000001, 0.1, 4.07214E-07,, 3,9, 1500,2.3329200000000003e-06
3559, 1.45, 0.1, 4.52137E-07,, 3,9, 1500,2.3329200000000003e-06
3560, 1.5, 0.1, 4.98368E-07,, 3,9, 1500,2.3329200000000003e-06
3561, 1.55, 0.1, 5.4606899999999994E-07,, 3,9, 1500,2.3329200000000003e-06
3562, 1.6, 0.1, 5.95055E-07,, 3,9, 1500,2.3329200000000003e-06
3563, 1.6500000000000001, 0.1, 6.45522E-07,, 3,9, 1500,2.3329200000000003e-06
3564, 1.7, 0.1, 6.96975E-07,, 3,9, 1500,2.3329200000000003e-06
3565, 1.75, 0.1, 7.4963E-07,, 3,9, 1500,2.3329200000000003e-06
3566, 1.8, 0.1, 8.03613E-07,, 3,9, 1500,2.3329200000000003e-06
3567, 1.85, 0.1, 8.5845899999999994E-07,, 3,9, 1500,2.3329200000000003e-06
3568, 1.9000000000000001, 0.1, 9.14385E-07,, 3,9, 1500,2.3329200000000003e-06
3569, 1.95, 0.1, 9.7142E-07,, 3,9, 1500,2.3329200000000003e-06
3570, 2, 0.1, 1.029152E-06,, 3,9, 1500,2.3329200000000003e-06
3571, 2.05, 0.1, 1.087807E-06,, 3,9, 1500,2.3329200000000003e-06
3572, 2.1, 0.1, 1.147484E-06,, 3,9, 1500,2.3329200000000003e-06
3573, 2.15, 0.1, 1.2078400000000002E-06,, 3,9, 1500,2.3329200000000003e-06
3574, 2.2, 0.1, 1.2688800000000001E-06,, 3,9, 1500,2.3329200000000003e-06
3575, 2.25, 0.1, 1.3310900000000002E-06,, 3,9, 1500,2.3329200000000003e-06
3576, 2.3000000000000003, 0.1, 1.3937200000000002E-06,, 3,9, 1500,2.3329200000000003e-06
3577, 2.35, 0.1, 1.4570400000000002E-06,, 3,9, 1500,2.3329200000000003e-06
3578, 2.4, 0.1, 1.5210400000000002E-06,, 3,9, 1500,2.3329200000000003e-06
3579, 2.45, 0.1, 1.58602E-06,, 3,9, 1500,2.3329200000000003e-06
3580, 2.5, 0.1, 1.6513700000000002E-06,, 3,9, 1500,2.3329200000000003e-06
3581, 2.5500000000000003, 0.1, 1.7174100000000001E-06,, 3,9, 1500,2.3329200000000003e-06
3582, 2.6, 0.1, 1.7838600000000002E-06,, 3,9, 1500,2.3329200000000003e-06
3583, 2.65, 0.1, 1.8507300000000001E-06,, 3,9, 1500,2.3329200000000003e-06
3584, 2.7, 0.1, 1.91794E-06,, 3,9, 1500,2.3329200000000003e-06
3585, 2.75, 0.1, 1.9859300000000003E-06,, 3,9, 1500,2.3329200000000003e-06
3586, 2.8000000000000003, 0.1, 2.05423E-06,, 3,9, 1500,2.3329200000000003e-06
3587, 2.85, 0.1, 2.1232000000000003E-06,, 3,9, 1500,2.3329200000000003e-06
3588, 2.9, 0.1, 2.1926000000000004E-06,, 3,9, 1500,2.3329200000000003e-06
3589, 2.95, 0.1, 2.2624E-06,, 3,9, 1500,2.3329200000000003e-06
3590, 3, 0.1, 2.3329200000000003E-06,, 3,9, 1500,2.3329200000000003e-06
3851, -3, 0.1, -8.3000000000000012E-14,2.6511600000000003e-06, 3,10, 1800,2.6511600000000003e-06
3852, -2.95, 0.1, -1.81E-13,, 3,10, 1800,2.6511600000000003e-06
3853, -2.9, 0.1, -2.37E-13,, 3,10, 1800,2.6511600000000003e-06
3854, -2.85, 0.1, -1.0500000000000001E-13,, 3,10, 1800,2.6511600000000003e-06
3855, -2.8000000000000003, 0.1, -1.94E-13,, 3,10, 1800,2.6511600000000003e-06
3856, -2.75, 0.1, -2.0700000000000003E-13,, 3,10, 1800,2.6511600000000003e-06
3857, -2.7, 0.1, -2.23E-13,, 3,10, 1800,2.6511600000000003e-06
3858, -2.65, 0.1, -2.2800000000000004E-13,, 3,10, 1800,2.6511600000000003e-06
3859, -2.6, 0.1, -1.5500000000000002E-13,, 3,10, 1800,2.6511600000000003e-06
3860, -2.5500000000000003, 0.1, -1.24E-13,, 3,10, 1800,2.6511600000000003e-06
3861, -2.5, 0.1, -1.0800000000000001E-13,, 3,10, 1800,2.6511600000000003e-06
3862, -2.45, 0.1, -2E-13,, 3,10, 1800,2.6511600000000003e-06
3863, -2.4, 0.1, -1.6700000000000002E-13,, 3,10, 1800,2.6511600000000003e-06
3864, -2.35, 0.1, -1.53E-13,, 3,10, 1800,2.6511600000000003e-06
3865, -2.3000000000000003, 0.1, -2.24E-13,, 3,10, 1800,2.6511600000000003e-06
3866, -2.25, 0.1, -2.35E-13,, 3,10, 1800,2.6511600000000003e-06
3867, -2.2, 0.1, -2.17E-13,, 3,10, 1800,2.6511600000000003e-06
3868, -2.15, 0.1, -2.2800000000000004E-13,, 3,10, 1800,2.6511600000000003e-06
3869, -2.1, 0.1, -2.6200000000000004E-13,, 3,10, 1800,2.6511600000000003e-06
3870, -2.05, 0.1, -2.0400000000000001E-13,, 3,10, 1800,2.6511600000000003e-06
3871, -2, 0.1, -1.53E-13,, 3,10, 1800,2.6511600000000003e-06
3872, -1.95, 0.1, -9.7E-14,, 3,10, 1800,2.6511600000000003e-06
3873, -1.9000000000000001, 0.1, -1.7800000000000002E-13,, 3,10, 1800,2.6511600000000003e-06
3874, -1.85, 0.1, -1.9800000000000002E-13,, 3,10, 1800,2.6511600000000003e-06
3875, -1.8, 0.1, -2.5E-13,, 3,10, 1800,2.6511600000000003e-06
3876, -1.75, 0.1, -2.34E-13,, 3,10, 1800,2.6511600000000003e-06
3877, -1.7, 0.1, -1.5100000000000001E-13,, 3,10, 1800,2.6511600000000003e-06
3878, -1.6500000000000001, 0.1, -1.2600000000000002E-13,, 3,10, 1800,2.6511600000000003e-06
3879, -1.6, 0.1, -1.42E-13,, 3,10, 1800,2.6511600000000003e-06
3880, -1.55, 0.1, -3.3600000000000003E-13,, 3,10, 1800,2.6511600000000003e-06
3881, -1.5, 0.1, -1.99E-13,, 3,10, 1800,2.6511600000000003e-06
3882, -1.45, 0.1, -2.3100000000000003E-13,, 3,10, 1800,2.6511600000000003e-06
3883, -1.4000000000000001, 0.1, -1.3200000000000002E-13,, 3,10, 1800,2.6511600000000003e-06
3884, -1.35, 0.1, -2.6300000000000004E-13,, 3,10, 1800,2.6511600000000003e-06
3885, -1.3, 0.1, -1.8400000000000002E-13,, 3,10, 1800,2.6511600000000003e-06
3886, -1.25, 0.1, -2.61E-13,, 3,10, 1800,2.6511600000000003e-06
3887, -1.2, 0.1, -2.73E-13,, 3,10, 1800,2.6511600000000003e-06
3888, -1.1500000000000001, 0.1, -1.93E-13,, 3,10, 1800,2.6511600000000003e-06
3889, -1.1, 0.1, -2.8700000000000004E-13,, 3,10, 1800,2.6511600000000003e-06
3890, -1.05, 0.1, -2.72E-13,, 3,10, 1800,2.6511600000000003e-06
3891, -1, 0.1, -2.2000000000000002E-13,, 3,10, 1800,2.6511600000000003e-06
3892, -0.95000000000000007, 0.1, -2.46E-13,, 3,10, 1800,2.6511600000000003e-06
3893, -0.9, 0.1, -1.8400000000000002E-13,, 3,10, 1800,2.6511600000000003e-06
3894, -0.85, 0.1, -1.81E-13,, 3,10, 1800,2.6511600000000003e-06
3895, -0.8, 0.1, -2.32E-13,, 3,10, 1800,2.6511600000000003e-06
3896, -0.75, 0.1, -1.9800000000000002E-13,, 3,10, 1800,2.6511600000000003e-06
3897, -0.70000000000000007, 0.1, -1.63E-13,, 3,10, 1800,2.6511600000000003e-06
3898, -0.65, 0.1, -2.1000000000000001E-13,, 3,10, 1800,2.6511600000000003e-06
3899, -0.6, 0.1, -2.8E-13,, 3,10, 1800,2.6511600000000003e-06
3900, -0.55, 0.1, -1.42E-13,, 3,10, 1800,2.6511600000000003e-06
3901, -0.5, 0.1, -1.7200000000000002E-13,, 3,10, 1800,2.6511600000000003e-06
3902, -0.45, 0.1, -1.4E-13,, 3,10, 1800,2.6511600000000003e-06
3903, -0.4, 0.1, -1.65E-13,, 3,10, 1800,2.6511600000000003e-06
3904, -0.35000000000000003, 0.1, -7E-14,, 3,10, 1800,2.6511600000000003e-06
3905, -0.3, 0.1, -1.3300000000000001E-13,, 3,10, 1800,2.6511600000000003e-06
3906, -0.25, 0.1, -2.7600000000000004E-13,, 3,10, 1800,2.6511600000000003e-06
3907, -0.2, 0.1, -1.8600000000000002E-13,, 3,10, 1800,2.6511600000000003e-06
3908, -0.15, 0.1, -2.5200000000000004E-13,, 3,10, 1800,2.6511600000000003e-06
3909, -0.1, 0.1, -1.82E-13,, 3,10, 1800,2.6511600000000003e-06
3910, -0.05, 0.1, -1.9200000000000002E-13,, 3,10, 1800,2.6511600000000003e-06
3911, 0, 0.1, -4.77E-13,, 3,10, 1800,2.6511600000000003e-06
3912, 0.05, 0.1, -4.65E-13,, 3,10, 1800,2.6511600000000003e-06
3913, 0.1, 0.1, -4.8200000000000007E-13,, 3,10, 1800,2.6511600000000003e-06
3914, 0.15, 0.1, -2.1500000000000002E-13,, 3,10, 1800,2.6511600000000003e-06
3915, 0.2, 0.1, 1.441E-12,, 3,10, 1800,2.6511600000000003e-06
3916, 0.25, 0.1, 1.1798000000000001E-11,, 3,10, 1800,2.6511600000000003e-06
3917, 0.3, 0.1, 7.325200000000001E-11,, 3,10, 1800,2.6511600000000003e-06
3918, 0.35000000000000003, 0.1, 3.7708E-10,, 3,10, 1800,2.6511600000000003e-06
3919, 0.4, 0.1, 1.51424E-09,, 3,10, 1800,2.6511600000000003e-06
3920, 0.45, 0.1, 4.62185E-09,, 3,10, 1800,2.6511600000000003e-06
3921, 0.5, 0.1, 1.109755E-08,, 3,10, 1800,2.6511600000000003e-06
3922, 0.55, 0.1, 2.1915799999999998E-08,, 3,10, 1800,2.6511600000000003e-06
3923, 0.6, 0.1, 3.6779399999999996E-08,, 3,10, 1800,2.6511600000000003e-06
3924, 0.65, 0.1, 5.5283899999999995E-08,, 3,10, 1800,2.6511600000000003e-06
3925, 0.70000000000000007, 0.1, 7.7161999999999986E-08,, 3,10, 1800,2.6511600000000003e-06
3926, 0.75, 0.1, 1.0192189999999999E-07,, 3,10, 1800,2.6511600000000003e-06
3927, 0.8, 0.1, 1.29269E-07,, 3,10, 1800,2.6511600000000003e-06
3928, 0.85, 0.1, 1.59415E-07,, 3,10, 1800,2.6511600000000003e-06
3929, 0.9, 0.1, 1.91788E-07,, 3,10, 1800,2.6511600000000003e-06
3930, 0.95000000000000007, 0.1, 2.26364E-07,, 3,10, 1800,2.6511600000000003e-06
3931, 1, 0.1, 2.62998E-07,, 3,10, 1800,2.6511600000000003e-06
3932, 1.05, 0.1, 3.01567E-07,, 3,10, 1800,2.6511600000000003e-06
3933, 1.1, 0.1, 3.41948E-07,, 3,10, 1800,2.6511600000000003e-06
3934, 1.1500000000000001, 0.1, 3.84249E-07,, 3,10, 1800,2.6511600000000003e-06
3935, 1.2, 0.1, 4.27951E-07,, 3,10, 1800,2.6511600000000003e-06
3936, 1.25, 0.1, 4.73248E-07,, 3,10, 1800,2.6511600000000003e-06
3937, 1.3, 0.1, 5.20015E-07,, 3,10, 1800,2.6511600000000003e-06
3938, 1.35, 0.1, 5.6820499999999995E-07,, 3,10, 1800,2.6511600000000003e-06
3939, 1.4000000000000001, 0.1, 6.17746E-07,, 3,10, 1800,2.6511600000000003e-06
3940, 1.45, 0.1, 6.68684E-07,, 3,10, 1800,2.6511600000000003e-06
3941, 1.5, 0.1, 7.20661E-07,, 3,10, 1800,2.6511600000000003e-06
3942, 1.55, 0.1, 7.73833E-07,, 3,10, 1800,2.6511600000000003e-06
3943, 1.6, 0.1, 8.28086E-07,, 3,10, 1800,2.6511600000000003e-06
3944, 1.6500000000000001, 0.1, 8.8357499999999994E-07,, 3,10, 1800,2.6511600000000003e-06
3945, 1.7, 0.1, 9.39854E-07,, 3,10, 1800,2.6511600000000003e-06
3946, 1.75, 0.1, 9.9709799999999989E-07,, 3,10, 1800,2.6511600000000003e-06
3947, 1.8, 0.1, 1.055536E-06,, 3,10, 1800,2.6511600000000003e-06
3948, 1.85, 0.1, 1.114622E-06,, 3,10, 1800,2.6511600000000003e-06
3949, 1.9000000000000001, 0.1, 1.1741700000000001E-06,, 3,10, 1800,2.6511600000000003e-06
3950, 1.95, 0.1, 1.2349200000000002E-06,, 3,10, 1800,2.6511600000000003e-06
3951, 2, 0.1, 1.2964000000000002E-06,, 3,10, 1800,2.6511600000000003e-06
3952, 2.05, 0.1, 1.3586600000000002E-06,, 3,10, 1800,2.6511600000000003e-06
3953, 2.1, 0.1, 1.4218900000000003E-06,, 3,10, 1800,2.6511600000000003e-06
3954, 2.15, 0.1, 1.48548E-06,, 3,10, 1800,2.6511600000000003e-06
3955, 2.2, 0.1, 1.5499000000000002E-06,, 3,10, 1800,2.6511600000000003e-06
3956, 2.25, 0.1, 1.6151700000000002E-06,, 3,10, 1800,2.6511600000000003e-06
3957, 2.3000000000000003, 0.1, 1.6807100000000001E-06,, 3,10, 1800,2.6511600000000003e-06
3958, 2.35, 0.1, 1.7470000000000002E-06,, 3,10, 1800,2.6511600000000003e-06
3959, 2.4, 0.1, 1.8136700000000001E-06,, 3,10, 1800,2.6511600000000003e-06
3960, 2.45, 0.1, 1.8812E-06,, 3,10, 1800,2.6511600000000003e-06
3961, 2.5, 0.1, 1.94904E-06,, 3,10, 1800,2.6511600000000003e-06
3962, 2.5500000000000003, 0.1, 2.01745E-06,, 3,10, 1800,2.6511600000000003e-06
3963, 2.6, 0.1, 2.08625E-06,, 3,10, 1800,2.6511600000000003e-06
3964, 2.65, 0.1, 2.15546E-06,, 3,10, 1800,2.6511600000000003e-06
3965, 2.7, 0.1, 2.2251E-06,, 3,10, 1800,2.6511600000000003e-06
3966, 2.75, 0.1, 2.29523E-06,, 3,10, 1800,2.6511600000000003e-06
3967, 2.8000000000000003, 0.1, 2.3654500000000004E-06,, 3,10, 1800,2.6511600000000003e-06
3968, 2.85, 0.1, 2.4362100000000003E-06,, 3,10, 1800,2.6511600000000003e-06
3969, 2.9, 0.1, 2.50741E-06,, 3,10, 1800,2.6511600000000003e-06
3970, 2.95, 0.1, 2.57901E-06,, 3,10, 1800,2.6511600000000003e-06
3971, 3, 0.1, 2.6511600000000003E-06,, 3,10, 1800,2.6511600000000003e-06
4232, -3, 0.1, -2E-15,2.9196900000000003e-06, 3,11, 2000,2.9196900000000003e-06
4233, -2.95, 0.1, -1.3E-13,, 3,11, 2000,2.9196900000000003e-06
4234, -2.9, 0.1, -1.8000000000000002E-13,, 3,11, 2000,2.9196900000000003e-06
4235, -2.85, 0.1, -1.75E-13,, 3,11, 2000,2.9196900000000003e-06
4236, -2.8000000000000003, 0.1, -2.48E-13,, 3,11, 2000,2.9196900000000003e-06
4237, -2.75, 0.1, -2.34E-13,, 3,11, 2000,2.9196900000000003e-06
4238, -2.7, 0.1, -1.1100000000000001E-13,, 3,11, 2000,2.9196900000000003e-06
4239, -2.65, 0.1, -1.75E-13,, 3,11, 2000,2.9196900000000003e-06
4240, -2.6, 0.1, -2.2600000000000002E-13,, 3,11, 2000,2.9196900000000003e-06
4241, -2.5500000000000003, 0.1, -1.6600000000000003E-13,, 3,11, 2000,2.9196900000000003e-06
4242, -2.5, 0.1, -2.05E-13,, 3,11, 2000,2.9196900000000003e-06
4243, -2.45, 0.1, -2.5200000000000004E-13,, 3,11, 2000,2.9196900000000003e-06
4244, -2.4, 0.1, -1.9200000000000002E-13,, 3,11, 2000,2.9196900000000003e-06
4245, -2.35, 0.1, -1.83E-13,, 3,11, 2000,2.9196900000000003e-06
4246, -2.3000000000000003, 0.1, -7.3E-14,, 3,11, 2000,2.9196900000000003e-06
4247, -2.25, 0.1, -2.48E-13,, 3,11, 2000,2.9196900000000003e-06
4248, -2.2, 0.1, -2.0300000000000002E-13,, 3,11, 2000,2.9196900000000003e-06
4249, -2.15, 0.1, -1.1000000000000001E-13,, 3,11, 2000,2.9196900000000003e-06
4250, -2.1, 0.1, -2.4100000000000003E-13,, 3,11, 2000,2.9196900000000003e-06
4251, -2.05, 0.1, -1.42E-13,, 3,11, 2000,2.9196900000000003e-06
4252, -2, 0.1, -7.6E-14,, 3,11, 2000,2.9196900000000003e-06
4253, -1.95, 0.1, -7.9E-14,, 3,11, 2000,2.9196900000000003e-06
4254, -1.9000000000000001, 0.1, -2.49E-13,, 3,11, 2000,2.9196900000000003e-06
4255, -1.85, 0.1, -1.58E-13,, 3,11, 2000,2.9196900000000003e-06
4256, -1.8, 0.1, -1.0500000000000001E-13,, 3,11, 2000,2.9196900000000003e-06
4257, -1.75, 0.1, -3.17E-13,, 3,11, 2000,2.9196900000000003e-06
4258, -1.7, 0.1, -1.9800000000000002E-13,, 3,11, 2000,2.9196900000000003e-06
4259, -1.6500000000000001, 0.1, -2.0800000000000002E-13,, 3,11, 2000,2.9196900000000003e-06
4260, -1.6, 0.1, -2.3000000000000003E-13,, 3,11, 2000,2.9196900000000003e-06
4261, -1.55, 0.1, -2.23E-13,, 3,11, 2000,2.9196900000000003e-06
4262, -1.5, 0.1, -1.7E-13,, 3,11, 2000,2.9196900000000003e-06
4263, -1.45, 0.1, -9.2000000000000012E-14,, 3,11, 2000,2.9196900000000003e-06
4264, -1.4000000000000001, 0.1, -1.9700000000000002E-13,, 3,11, 2000,2.9196900000000003e-06
4265, -1.35, 0.1, -1.25E-13,, 3,11, 2000,2.9196900000000003e-06
4266, -1.3, 0.1, -2.32E-13,, 3,11, 2000,2.9196900000000003e-06
4267, -1.25, 0.1, -2.71E-13,, 3,11, 2000,2.9196900000000003e-06
4268, -1.2, 0.1, -2.2000000000000002E-13,, 3,11, 2000,2.9196900000000003e-06
4269, -1.1500000000000001, 0.1, -2.6E-13,, 3,11, 2000,2.9196900000000003e-06
4270, -1.1, 0.1, -1.47E-13,, 3,11, 2000,2.9196900000000003e-06
4271, -1.05, 0.1, -2.36E-13,, 3,11, 2000,2.9196900000000003e-06
4272, -1, 0.1, -1.19E-13,, 3,11, 2000,2.9196900000000003e-06
4273, -0.95000000000000007, 0.1, -2.0100000000000003E-13,, 3,11, 2000,2.9196900000000003e-06
4274, -0.9, 0.1, -1.75E-13,, 3,11, 2000,2.9196900000000003e-06
4275, -0.85, 0.1, -9.5000000000000012E-14,, 3,11, 2000,2.9196900000000003e-06
4276, -0.8, 0.1, -1.9700000000000002E-13,, 3,11, 2000,2.9196900000000003e-06
4277, -0.75, 0.1, -1.87E-13,, 3,11, 2000,2.9196900000000003e-06
4278, -0.70000000000000007, 0.1, -2.36E-13,, 3,11, 2000,2.9196900000000003e-06
4279, -0.65, 0.1, -1.9700000000000002E-13,, 3,11, 2000,2.9196900000000003e-06
4280, -0.6, 0.1, -1.4E-13,, 3,11, 2000,2.9196900000000003e-06
4281, -0.55, 0.1, -2.2200000000000001E-13,, 3,11, 2000,2.9196900000000003e-06
4282, -0.5, 0.1, -2.1300000000000003E-13,, 3,11, 2000,2.9196900000000003e-06
4283, -0.45, 0.1, -1.7E-13,, 3,11, 2000,2.9196900000000003e-06
4284, -0.4, 0.1, -2.34E-13,, 3,11, 2000,2.9196900000000003e-06
4285, -0.35000000000000003, 0.1, -1.65E-13,, 3,11, 2000,2.9196900000000003e-06
4286, -0.3, 0.1, -1.1400000000000002E-13,, 3,11, 2000,2.9196900000000003e-06
4287, -0.25, 0.1, -2.38E-13,, 3,11, 2000,2.9196900000000003e-06
4288, -0.2, 0.1, -1.9700000000000002E-13,, 3,11, 2000,2.9196900000000003e-06
4289, -0.15, 0.1, -1.35E-13,, 3,11, 2000,2.9196900000000003e-06
4290, -0.1, 0.1, -2.1500000000000002E-13,, 3,11, 2000,2.9196900000000003e-06
4291, -0.05, 0.1, 1.1000000000000001E-13,, 3,11, 2000,2.9196900000000003e-06
4292, 0, 0.1, 2.159E-12,, 3,11, 2000,2.9196900000000003e-06
4293, 0.05, 0.1, 1.6458000000000003E-11,, 3,11, 2000,2.9196900000000003e-06
4294, 0.1, 0.1, 9.7652000000000011E-11,, 3,11, 2000,2.9196900000000003e-06
4295, 0.15, 0.1, 4.7897200000000007E-10,, 3,11, 2000,2.9196900000000003e-06
4296, 0.2, 0.1, 1.81521E-09,, 3,11, 2000,2.9196900000000003e-06
4297, 0.25, 0.1, 5.23181E-09,, 3,11, 2000,2.9196900000000003e-06
4298, 0.3, 0.1, 1.19995E-08,, 3,11, 2000,2.9196900000000003e-06
4299, 0.35000000000000003, 0.1, 2.2765E-08,, 3,11, 2000,2.9196900000000003e-06
4300, 0.4, 0.1, 3.73583E-08,, 3,11, 2000,2.9196900000000003e-06
4301, 0.45, 0.1, 5.53931E-08,, 3,11, 2000,2.9196900000000003e-06
4302, 0.5, 0.1, 7.66193E-08,, 3,11, 2000,2.9196900000000003e-06
4303, 0.55, 0.1, 1.008902E-07,, 3,11, 2000,2.9196900000000003e-06
4304, 0.6, 0.1, 1.27664E-07,, 3,11, 2000,2.9196900000000003e-06
4305, 0.65, 0.1, 1.5714E-07,, 3,11, 2000,2.9196900000000003e-06
4306, 0.70000000000000007, 0.1, 1.89083E-07,, 3,11, 2000,2.9196900000000003e-06
4307, 0.75, 0.1, 2.23084E-07,, 3,11, 2000,2.9196900000000003e-06
4308, 0.8, 0.1, 2.59145E-07,, 3,11, 2000,2.9196900000000003e-06
4309, 0.85, 0.1, 2.97334E-07,, 3,11, 2000,2.9196900000000003e-06
4310, 0.9, 0.1, 3.3721699999999997E-07,, 3,11, 2000,2.9196900000000003e-06
4311, 0.95000000000000007, 0.1, 3.7881E-07,, 3,11, 2000,2.9196900000000003e-06
4312, 1, 0.1, 4.22079E-07,, 3,11, 2000,2.9196900000000003e-06
4313, 1.05, 0.1, 4.66907E-07,, 3,11, 2000,2.9196900000000003e-06
4314, 1.1, 0.1, 5.13188E-07,, 3,11, 2000,2.9196900000000003e-06
4315, 1.1500000000000001, 0.1, 5.61083E-07,, 3,11, 2000,2.9196900000000003e-06
4316, 1.2, 0.1, 6.10046E-07,, 3,11, 2000,2.9196900000000003e-06
4317, 1.25, 0.1, 6.60362E-07,, 3,11, 2000,2.9196900000000003e-06
4318, 1.3, 0.1, 7.119E-07,, 3,11, 2000,2.9196900000000003e-06
4319, 1.35, 0.1, 7.6458E-07,, 3,11, 2000,2.9196900000000003e-06
4320, 1.4000000000000001, 0.1, 8.18383E-07,, 3,11, 2000,2.9196900000000003e-06
4321, 1.45, 0.1, 8.7349099999999994E-07,, 3,11, 2000,2.9196900000000003e-06
4322, 1.5, 0.1, 9.29379E-07,, 3,11, 2000,2.9196900000000003e-06
4323, 1.55, 0.1, 9.86264E-07,, 3,11, 2000,2.9196900000000003e-06
4324, 1.6, 0.1, 1.044048E-06,, 3,11, 2000,2.9196900000000003e-06
4325, 1.6500000000000001, 0.1, 1.102976E-06,, 3,11, 2000,2.9196900000000003e-06
4326, 1.7, 0.1, 1.16194E-06,, 3,11, 2000,2.9196900000000003e-06
4327, 1.75, 0.1, 1.22216E-06,, 3,11, 2000,2.9196900000000003e-06
4328, 1.8, 0.1, 1.28347E-06,, 3,11, 2000,2.9196900000000003e-06
4329, 1.85, 0.1, 1.3453800000000002E-06,, 3,11, 2000,2.9196900000000003e-06
4330, 1.9000000000000001, 0.1, 1.4080200000000002E-06,, 3,11, 2000,2.9196900000000003e-06
4331, 1.95, 0.1, 1.4714900000000002E-06,, 3,11, 2000,2.9196900000000003e-06
4332, 2, 0.1, 1.5354400000000002E-06,, 3,11, 2000,2.9196900000000003e-06
4333, 2.05, 0.1, 1.59999E-06,, 3,11, 2000,2.9196900000000003e-06
4334, 2.1, 0.1, 1.6654700000000002E-06,, 3,11, 2000,2.9196900000000003e-06
4335, 2.15, 0.1, 1.7313800000000001E-06,, 3,11, 2000,2.9196900000000003e-06
4336, 2.2, 0.1, 1.79772E-06,, 3,11, 2000,2.9196900000000003e-06
4337, 2.25, 0.1, 1.8648700000000002E-06,, 3,11, 2000,2.9196900000000003e-06
4338, 2.3000000000000003, 0.1, 1.9323100000000004E-06,, 3,11, 2000,2.9196900000000003e-06
4339, 2.35, 0.1, 2.0002000000000003E-06,, 3,11, 2000,2.9196900000000003e-06
4340, 2.4, 0.1, 2.0684400000000002E-06,, 3,11, 2000,2.9196900000000003e-06
4341, 2.45, 0.1, 2.1373800000000004E-06,, 3,11, 2000,2.9196900000000003e-06
4342, 2.5, 0.1, 2.20661E-06,, 3,11, 2000,2.9196900000000003e-06
4343, 2.5500000000000003, 0.1, 2.2762600000000003E-06,, 3,11, 2000,2.9196900000000003e-06
4344, 2.6, 0.1, 2.3465000000000003E-06,, 3,11, 2000,2.9196900000000003e-06
4345, 2.65, 0.1, 2.4168500000000004E-06,, 3,11, 2000,2.9196900000000003e-06
4346, 2.7, 0.1, 2.4875500000000004E-06,, 3,11, 2000,2.9196900000000003e-06
4347, 2.75, 0.1, 2.5589400000000004E-06,, 3,11, 2000,2.9196900000000003e-06
4348, 2.8000000000000003, 0.1, 2.6303600000000004E-06,, 3,11, 2000,2.9196900000000003e-06
4349, 2.85, 0.1, 2.7020500000000002E-06,, 3,11, 2000,2.9196900000000003e-06
4350, 2.9, 0.1, 2.77414E-06,, 3,11, 2000,2.9196900000000003e-06
4351, 2.95, 0.1, 2.8466600000000004E-06,, 3,11, 2000,2.9196900000000003e-06
4352, 3, 0.1, 2.9196900000000003E-06,, 3,11, 2000,2.9196900000000003e-06
